rms_energy,zero_crossing_rate,spectral_centroid,spectral_bandwidth,spectral_rolloff,mfcc_1_mean,mfcc_1_std,mfcc_1_skew,mfcc_1_kurtosis,mfcc_2_mean,mfcc_2_std,mfcc_2_skew,mfcc_2_kurtosis,mfcc_3_mean,mfcc_3_std,mfcc_3_skew,mfcc_3_kurtosis,mfcc_4_mean,mfcc_4_std,mfcc_4_skew,mfcc_4_kurtosis,mfcc_5_mean,mfcc_5_std,mfcc_5_skew,mfcc_5_kurtosis,mfcc_6_mean,mfcc_6_std,mfcc_6_skew,mfcc_6_kurtosis,mfcc_7_mean,mfcc_7_std,mfcc_7_skew,mfcc_7_kurtosis,mfcc_8_mean,mfcc_8_std,mfcc_8_skew,mfcc_8_kurtosis,mfcc_9_mean,mfcc_9_std,mfcc_9_skew,mfcc_9_kurtosis,mfcc_10_mean,mfcc_10_std,mfcc_10_skew,mfcc_10_kurtosis,mfcc_11_mean,mfcc_11_std,mfcc_11_skew,mfcc_11_kurtosis,mfcc_12_mean,mfcc_12_std,mfcc_12_skew,mfcc_12_kurtosis,mfcc_13_mean,mfcc_13_std,mfcc_13_skew,mfcc_13_kurtosis,mfcc_14_mean,mfcc_14_std,mfcc_14_skew,mfcc_14_kurtosis,mfcc_15_mean,mfcc_15_std,mfcc_15_skew,mfcc_15_kurtosis,mfcc_16_mean,mfcc_16_std,mfcc_16_skew,mfcc_16_kurtosis,mfcc_17_mean,mfcc_17_std,mfcc_17_skew,mfcc_17_kurtosis,mfcc_18_mean,mfcc_18_std,mfcc_18_skew,mfcc_18_kurtosis,mfcc_19_mean,mfcc_19_std,mfcc_19_skew,mfcc_19_kurtosis,mfcc_20_mean,mfcc_20_std,mfcc_20_skew,mfcc_20_kurtosis,f0_mean,f0_std,f0_min,f0_max,f0_range,jitter_absolute,jitter_relative,jitter_ppq5,shimmer_absolute,shimmer_relative,hnr,formant_mean,formant_std,filename,label
0.2772431,0.07805869020061729,1047.9515568418633,702.7670195373846,1434.8822699652778,-185.89116,12.194593,2.9846377,15.531584,226.35706,10.51929,0.423593,19.863655,-96.43844,7.1189857,0.6751399,2.4984226,-27.956131,4.740067,0.4556365,-0.012704611,-5.3740277,5.006537,-0.76043653,3.7051334,-48.672127,6.1406875,-0.18679716,1.4179759,14.406999,3.1355946,0.32240713,0.4206326,2.4358249,5.2925262,0.16641447,0.4375913,-33.177383,2.5115354,0.5940616,0.875792,11.1564865,2.8559341,-0.40740818,0.14760756,5.2297683,3.670486,-0.00020912458,-0.8406811,-6.708689,3.214171,-1.0246423,2.4718885,16.805187,5.0113916,0.11423857,-0.85707617,-14.065229,3.966862,1.8648146,3.7723422,-24.965582,2.5912497,-0.18001781,0.46689653,3.0716465,3.9254048,-0.62919843,1.4323258,-13.266207,2.974325,0.6065709,0.5683117,-9.73543,3.2105446,-0.105485946,-0.70059824,13.981105,2.2089891,-0.4717927,0.08617616,-8.698453,2.9957483,1.335135,2.8988338,667.96765,46.202892,642.55316,1122.0397,479.4865,8.237145,0.012331653,0.009243316,0.09643833,0.06421151,13.975719,807.6220818285672,392.42154608974533,AH_064F_7AB034C9-72E4-438B-A9B3-AD7FDA1596C5.wav,healthy
0.18160805,0.06584821428571429,873.6997495484824,617.6046101260868,1305.72509765625,-212.94623,22.602188,0.6474825,0.30905223,252.37453,9.848637,0.31147394,-0.09785867,-70.111496,13.256771,-0.5819084,-0.0770576,-24.304478,10.766211,-0.40996465,-0.5530622,3.9328966,11.544785,-0.1764582,-0.83751416,-41.75954,7.866938,-0.05659777,0.61509705,3.2598777,7.320382,0.09260876,-1.0142279,4.690952,9.312433,0.56034523,-0.20364738,-23.609083,4.5995274,0.83988625,0.5607796,2.527178,6.860639,-0.23895854,0.2146132,-0.8015923,3.194426,-0.059252,-0.71807194,-9.001702,3.6095092,0.03148196,-0.47395658,5.7778907,3.797652,0.2608033,-0.13336968,-11.677925,3.13598,-0.34110862,-0.261261,-14.067116,3.7556198,-0.30010715,-0.37461066,0.3167136,3.301341,-0.22545622,-0.18892479,-14.210873,3.1261005,-0.2173283,0.09664631,-6.6044827,3.2601073,-0.35368297,-0.04288292,7.583286,2.7060318,-0.19221126,-0.21359968,-11.821848,3.3252199,-0.08582703,-0.4546609,546.5123,307.99252,216.35829,1147.0114,930.6531,79.90388,0.1462069,0.15402444,0.1229347,0.11152746,10.132776,798.4209498355264,422.607516175548,AH_114S_A89F3548-0B61-4770-B800-2E26AB3908B6.wav,healthy
0.2729872,0.04936759702620968,845.6442998056306,658.6442452221919,1310.4864305065523,-215.18672,15.6211815,1.6101744,3.671186,212.40965,10.567935,1.02126,0.66301847,-63.52732,10.726751,-0.85991836,2.5660763,-15.0148735,9.18738,-0.37092334,1.0508289,2.5715144,4.025918,0.5285302,-0.14978385,-36.723186,4.9900002,2.1286726,11.08785,14.3144,3.5524507,0.37381497,2.4122148,8.136821,3.741855,0.67106867,1.4077277,-27.558712,3.8041613,0.7063679,2.7804751,1.4535997,4.2781076,0.6048679,-0.32131767,-1.7279228,3.7805738,-0.12800726,-0.93251634,-18.760218,3.1034555,-1.2613257,3.1052117,-4.9812193,4.2062216,0.32208693,-0.5876012,-13.92804,3.1018465,-0.017131047,-0.50545764,-13.947483,3.4227931,0.79212475,1.9376187,1.0879328,3.2417736,1.3132628,4.015472,-10.571686,2.75446,1.4080589,5.464946,-10.688822,3.001818,1.4647435,5.041215,-4.539114,3.0875359,1.2068284,3.164908,-14.267345,2.434639,0.28099465,0.32467437,327.79794,223.30864,223.32384,947.2706,723.9468,36.965836,0.112770185,0.106305294,0.086820155,0.07400969,20.05827,833.4088493795956,407.5951603546056,AH_121A_BD5BA248-E807-4CB9-8B53-47E7FFE5F8E2.wav,healthy
0.23278466,0.057959771925403226,942.7707968366644,742.2516838111547,1439.5988218245968,-183.02902,13.70643,0.7123213,3.076828,252.10306,7.7915597,-1.5581826,11.578682,-79.56286,7.546957,0.17012079,-0.13745546,-9.637964,5.3880453,-0.44510207,4.4914036,6.5046215,4.5458856,-0.2656808,1.1333957,-49.684494,5.1791773,2.23741,13.628738,13.514964,3.1295762,-0.24981016,0.65243363,9.13859,3.1634073,-0.599612,-0.07920718,-31.739086,3.1747253,0.7707119,4.6655226,4.4509406,3.1311936,-0.39245877,0.16573644,3.487807,3.4469116,0.845723,0.61346245,-8.733847,3.7914808,0.5449609,-0.46128964,3.3340156,2.5058637,-0.5387724,0.27733874,-23.795622,2.3089552,0.18102485,-0.45031285,-23.36374,2.284175,0.073096044,0.50494576,0.7070346,2.091008,-0.7340866,1.8004766,-16.116589,2.0038407,0.5820275,0.45895576,-5.692651,2.1121829,-0.01923512,1.7978506,9.97484,2.058809,-0.9458047,3.2656736,-18.987005,1.9695996,1.0727028,2.6183128,719.7617,7.5315413,705.38165,748.66907,43.287415,1.95659,0.0027183858,0.0019664313,0.07659338,0.05456368,15.98104,762.2427264895712,453.66442345494687,AH_123G_559F0706-2238-447C-BA39-DB5933BA619D.wav,healthy
0.14673878,0.08844597785027472,1169.391972598107,788.9538253053148,1892.6739032451924,-220.94055,28.158045,1.7861998,6.07625,219.51404,12.208168,-0.33952877,4.1203976,-91.53853,13.795564,-0.063596234,-0.4320221,-21.122871,5.766825,1.1602087,3.3755236,-8.612597,5.931403,-0.9911228,5.1634274,-52.66763,8.836522,0.6643723,3.0782495,25.749784,2.64014,-0.05697068,0.3819058,15.876921,5.986297,0.86808276,0.6545875,-40.06652,3.9920287,1.0045499,3.3288045,1.912062,4.3292246,0.068922594,1.308733,10.494533,3.875839,-0.12103528,0.9317293,-9.673373,4.9652886,-0.19261697,-0.61342883,6.8271694,5.152717,-0.6183533,-0.20469022,-7.6473603,4.155588,-0.6092125,1.1317401,-22.751167,3.139006,0.9575839,3.099986,-10.12943,3.0938401,0.66313046,4.04605,-10.44249,3.393192,-0.13206849,-0.15844226,0.701772,2.0446818,-0.21533352,0.539937,6.744939,3.732995,0.09135308,0.15398908,-10.045439,2.9946125,-0.24909037,0.8636191,883.597,189.54109,646.7621,1235.6359,588.8738,93.82605,0.10618648,0.1085564,0.068729304,0.07585294,11.012641,929.4855483235476,616.1873990812204,AH_195B_39DA6A45-F4CC-492A-80D4-FB79049ACC22.wav,healthy
0.20729828,0.07025188577586207,1037.6596996783162,701.669923075911,1450.2983566810344,-201.46864,14.125115,0.58003205,2.7489676,243.45816,7.048357,1.2993624,6.062871,-99.27822,10.203633,2.2165139,14.390116,-24.017609,6.86007,2.9404407,19.393711,0.89702034,5.834327,0.6768141,2.462513,-50.82771,4.576871,0.86997753,2.7091308,21.606813,3.677612,-0.17578612,1.1128626,16.603996,3.3127,-0.4903763,0.9239297,-36.050766,5.082444,0.4252185,0.47418094,0.5851526,5.7825084,1.4314454,2.28587,3.2365947,4.315994,-0.7592668,-0.31175923,-11.59591,3.6623976,-0.14644691,-0.12955737,9.777393,6.2546144,1.6293417,3.0553207,-11.797115,3.098968,0.70248735,1.3900819,-22.303337,3.0530593,-0.08382095,-0.110664606,3.221895,2.72344,0.017385436,-0.24237704,-9.893924,2.569241,1.228756,5.043457,-12.718215,3.5775256,0.41230488,1.4458184,5.5394926,2.9502397,0.6118529,0.7255609,-10.421069,3.0904844,-0.060446907,-0.3047173,951.2735,283.22723,191.44337,1160.5083,969.06494,126.55052,0.13303274,0.12392232,0.07400334,0.058293443,15.0352955,825.7351373423018,448.91702221329933,AH_197T_7552379A-2310-46E1-9466-9D8045C990B8.wav,healthy
0.22766177,0.0707007718373494,1015.6303173491071,667.1294340342381,1403.4200277673192,-195.65422,19.660242,0.6373793,2.1822195,235.10493,14.827685,-3.1683557,13.8041935,-98.82174,15.266992,1.0112936,3.252243,-39.551735,6.095095,0.12794586,-0.3343544,-23.738844,7.7053514,-1.0198513,2.4454455,-72.408264,7.838418,1.2543699,3.9545312,-2.0229182,4.0858474,-0.08048161,-0.62365675,1.2309383,3.4857795,-0.447929,1.9092803,-38.27013,4.810224,1.3892367,5.219305,-1.7736233,3.827515,0.41840035,0.17670345,-0.8748168,3.5150852,-0.18091862,0.056159973,-9.833276,4.1051497,0.43694752,2.2025504,17.589336,4.086659,-1.0007318,1.1321721,-0.98178303,3.8950055,0.5260201,-0.55528736,-17.268911,3.3834949,0.42335242,0.8168268,-2.0698535,3.312055,-0.6273934,1.2829647,-13.539293,2.363465,0.2125248,-0.006710291,-7.1899605,2.5652838,1.6314178,6.224123,15.069835,2.0758295,-0.2185876,-0.37453675,2.020333,3.3068743,-0.33187118,-0.010873556,652.53424,39.57255,592.61444,710.6233,118.00885,22.752438,0.03486781,0.033145957,0.14448139,0.100503646,9.008721,798.184433365505,284.26823912242185,AH_222K_FC9D2763-1836-460B-954F-37F23D6CD81D.wav,healthy
0.1782874,0.12069769965277778,1409.3126012625319,743.4450686858196,2114.620361328125,-236.28972,26.813278,0.48884904,1.8469582,168.69913,13.883383,1.0100048,3.7320762,-108.98769,11.038838,-1.1626414,2.015781,-24.144884,11.926929,0.45977503,-0.3084538,14.710506,4.975043,0.5061693,1.1168289,-25.4127,10.05448,0.14215535,0.6825323,21.756989,7.799097,0.97639406,0.016807318,0.99363923,4.395791,-0.33992198,0.93455577,-37.613537,7.616548,-0.26902103,1.2160454,11.956553,6.50657,0.59904134,-0.4657507,13.224674,3.3540928,0.07885563,0.52038074,-13.151474,6.4533443,-0.595022,-0.25385523,4.1739383,3.4675376,-0.18195514,1.0345192,-8.915911,3.1614704,0.9829965,1.0340571,-18.068945,5.0515094,0.14525688,0.11316085,6.932662,3.7752957,-0.59404755,0.46571994,-1.6652604,3.2515967,-0.6443848,0.5954349,-11.542779,4.1911163,0.5665358,-0.459049,0.9305632,2.977084,0.5311195,0.84124804,-6.6108723,3.450839,-0.20617019,0.62866163,1315.7108,68.609474,740.7721,1593.5824,852.8103,11.738778,0.008922005,0.008042812,0.066521496,0.08062796,14.6366005,1178.0806387550615,719.0306710352039,AH_264Z_593C20CD-0A54-4177-B031-26EE147080A3.wav,healthy
0.1436641,0.062095083841463415,867.4092701488398,655.6022220218912,1218.989376905488,-241.96263,44.798588,-0.9311836,0.95043516,238.28825,25.56327,-0.92861986,0.19642806,-46.614277,17.461739,0.073928036,0.08417249,-20.361044,10.792619,1.5078675,2.1008282,-12.829612,6.3358245,1.0320134,1.335628,-35.718464,6.053252,0.23178545,0.42230392,30.415342,6.85536,-0.4905486,-0.524981,22.146013,4.255942,-0.12035897,-0.5775888,-21.681435,5.669832,0.46076897,-0.31727433,0.44666827,3.9005117,0.19169079,0.07694912,-3.880844,3.6728833,-0.019902676,-0.25981688,-14.279347,3.1045325,0.24480014,-0.40152693,5.068698,3.8774147,0.53562224,0.3513105,-5.86772,4.7372694,0.11166585,-0.3149097,-14.568904,2.9354758,0.4169117,-0.10771632,-7.8914766,5.842918,1.1514001,1.9159894,-15.720825,3.1699784,0.53396136,1.3657284,-6.9856663,3.9628277,-0.26423255,-0.84807587,-3.9114916,3.3173656,0.17550361,-0.2278266,-18.414612,4.1946154,0.2508007,0.35374522,297.7597,279.50235,165.82782,1031.7789,865.9511,72.06369,0.24201962,0.25603887,0.12635475,0.15144502,5.300073,769.63974609375,338.34825170361796,AH_292J_201CB911-31C1-4CD0-BD73-4FBA4A16C21F.wav,healthy
0.23486216,0.06847205528846154,876.9098121506746,560.7998027344579,1095.3538161057693,-219.45381,20.684208,4.4475493,36.144623,239.84972,12.463443,-5.9111257,45.54884,-53.186123,6.955248,0.6260516,4.13571,-25.097094,4.600427,0.82661605,9.102833,-28.9531,5.0789194,-0.061896276,-0.24457169,-70.2556,7.70911,2.4768624,13.118973,5.5352926,4.102789,-0.35990065,-0.038193226,23.22014,4.372642,-0.04366163,0.22339845,-16.1431,4.049069,1.8838229,8.338996,-2.0118275,3.8433366,-0.26530272,-0.25112247,-2.7253635,3.318975,-0.11047202,-0.3232684,-7.1569514,3.4086616,0.025161142,0.38464355,8.161931,3.449489,-0.044564478,0.20140338,-4.5205474,3.5078516,0.39801502,-0.1753087,-4.5063577,3.5191045,0.5424163,0.9675133,3.716833,3.204327,-0.17924683,-0.07222557,-16.312935,2.9797158,0.59209806,0.8362026,-7.431693,2.7597558,0.16612643,0.60277987,10.356515,2.83328,0.07122292,0.64485097,-6.3832245,2.9647706,0.28853408,0.047881126,709.1981,52.86618,676.3295,1086.6217,410.29218,12.347846,0.017410997,0.016636088,0.05593088,0.04684212,19.844278,664.3078839937002,288.7897879776746,AH_322A_C3BF5535-A11E-498E-94EB-BE7E74099FFB.wav,healthy
0.24755147,0.1123436084692029,1186.122724828035,670.4847808826137,1691.682765794837,-201.54927,11.646704,2.0813928,8.231745,222.42154,9.360491,1.5899925,13.964363,-121.49345,6.946783,1.3793421,7.188203,-32.584503,6.0443435,0.15009414,7.1753483,18.419844,5.016544,-2.5797572,8.495275,-32.869644,5.38253,2.6046698,14.4345,15.772924,4.2834606,1.2149696,2.5880628,6.8967853,3.1099567,-0.17473286,-0.38405418,-31.97497,4.327215,2.0150895,10.404919,11.72645,3.2411554,0.35211223,0.40807652,9.932506,2.3470159,1.047036,5.8667603,-21.332342,3.1267524,1.9608675,8.633176,-5.9109526,3.2636697,-0.017500047,-0.30412102,-9.434894,1.9819666,-0.24025774,0.16068554,-13.965746,2.8788052,1.3965095,5.6045322,1.1238151,3.7032924,1.6553769,5.8200617,-6.5553007,2.992617,0.58059245,1.1393571,-7.6249433,2.4219565,-0.0573757,-0.17802334,-3.3413217,2.0472808,1.4089148,7.7564383,-12.4535,2.1052637,1.1506792,3.6220112,1134.4937,204.68523,727.8861,1360.5757,632.6896,103.866264,0.09155297,0.08883228,0.08532204,0.060487807,17.843363,1078.6918512816912,574.7317620325595,AH_325A_3EB21DC7-C340-4D0E-AC9E-0EABF217BBEE.wav,healthy
0.27320284,0.0440929324127907,986.9519775084328,729.5636105821727,1652.4229537609012,-185.75127,14.250498,2.219266,7.8359385,235.65224,12.336524,-1.9988703,7.380005,-93.12542,11.25457,2.1910236,8.499059,-18.869232,5.940363,0.4237466,0.06673455,28.459623,6.502577,0.025237277,1.0117812,-25.002842,7.3651195,1.3438815,4.7703505,3.9163377,3.3873022,-0.12140659,0.01057744,-3.9660094,3.3053694,0.74706656,0.3016851,-26.21207,4.932899,2.1839874,7.6393394,12.047601,3.4955437,-0.16560104,0.7802141,-0.16868542,3.8603365,-0.07614457,-0.39186144,-25.744,4.468396,2.3762398,9.053141,-2.7845795,3.382911,0.12862402,-0.44597244,-3.203131,3.5273194,0.19479157,-0.65742874,-10.825477,2.8769562,1.3592949,3.7542834,-5.1002493,3.0515866,0.32577276,0.7982886,-13.709124,2.7332485,0.40418768,0.78012204,-6.5859942,2.7449996,0.6244651,1.1372695,1.0509716,3.025824,-0.2172588,-0.52297306,-9.4672365,2.8514576,0.60672754,1.5055456,182.31186,2.0333426,178.76715,187.62335,8.856201,0.5676817,0.0031137948,0.0021082188,0.085889004,0.056158755,20.7104,1014.9891597153639,546.5404281144195,AH_325J_7F5F27AA-5A93-43CF-AB17-FC53940BF4B0.wav,healthy
0.23042476,0.06842762936827956,955.132975069739,641.541002103301,1345.1305758568549,-197.70166,32.487892,-0.3272876,-0.93867755,221.62424,18.371351,-0.6835248,-0.5469961,-63.30032,16.2535,0.30306226,0.29853773,-28.688978,9.137713,-0.6611543,2.1551933,-20.235846,9.202351,-0.50060195,-0.01995635,-56.180172,9.125541,-0.33912545,0.790051,8.112667,9.451785,-0.8890382,1.0249491,10.832342,6.0189443,-0.17976172,-0.11483741,-23.665653,7.2465134,0.18542014,-0.18973827,10.723179,4.8729734,0.18290384,-0.16479707,11.933373,5.276277,0.989537,3.5092545,-10.173377,4.99007,0.19682363,-0.59434223,1.9661764,4.406955,0.14596054,-0.20231462,-6.2012243,4.286246,0.4511244,0.9267051,-15.553498,3.9037554,-0.0821767,0.08921218,-6.170968,5.9957933,0.06681001,-0.5160856,-11.688425,5.639422,0.8432742,0.034598112,-9.6361265,3.6482546,0.23865487,-0.6800175,-4.3673334,4.1306815,0.24089926,-0.49116015,-9.320529,3.9674346,0.36487716,0.674973,698.96344,59.44699,656.1343,1202.9369,546.8026,9.568855,0.013690066,0.011246859,0.14009173,0.11289439,11.49943,817.7700236692267,386.97426866785844,AH_333L_6C551A6E-CC47-410E-AA49-2DC0A86E6489.wav,healthy
0.27833992,0.10173911236702128,1357.1419045211173,840.9970105090442,2524.33282081117,-162.99925,23.751986,-0.87208194,0.3922248,183.83423,15.586773,-1.0654639,0.5431807,-98.53637,10.436329,0.76896894,0.8316519,-22.664629,8.017654,-0.59775156,0.2669363,-6.5786467,7.830147,-0.39861783,1.1715889,-48.307568,8.162965,0.9233366,0.7910743,30.411371,7.1650248,-0.46899998,0.4405074,24.017384,8.583153,-1.1821188,1.2380896,-34.205235,6.28606,0.39249653,0.7573695,1.0338601,6.6810646,0.09917676,0.12353277,4.7887692,7.670988,0.07395447,-0.28755856,-21.2985,7.5733275,0.3921473,0.39242005,0.045575406,4.4640746,0.4314741,-0.42732334,1.4270613,4.4249477,0.2253481,1.216578,-7.480098,4.151668,-0.048799224,1.1847811,4.2644095,4.8607574,-0.5104783,-0.06642747,0.52742505,4.3037257,-0.35270253,-0.22041774,-1.0796518,3.7259445,0.020004475,-0.4671588,-0.3047146,4.3008885,-0.3557779,-0.27090025,-8.818398,3.6833518,0.10457184,0.08786106,1004.8652,135.67247,787.1461,1250.5876,463.44153,34.76493,0.03459661,0.037121583,0.11799369,0.07816416,15.507464,1214.5118450296336,791.2218543121219,AH_378G_3C2A05CE-36E4-4956-8FC2-0494B27D3EA8.wav,healthy
0.28274992,0.10384347098214286,1094.4310038809788,599.4471459102851,1558.388671875,-193.2228,19.506561,-0.14007752,0.68252707,216.65424,10.153777,-1.1638451,2.040927,-84.458405,12.667182,-0.98672795,1.6972237,-40.624805,6.7526903,0.27440026,0.1321168,3.2555408,8.82032,0.5837444,0.32000613,-13.229027,6.2664976,0.9840658,2.2902007,23.627802,5.8778915,-1.1333216,1.1341457,-2.6441982,6.5675735,-0.82022077,0.5213301,-26.479336,4.4384,0.41550016,0.12365055,15.338078,5.0334387,-0.054639354,-0.49340844,0.1269112,5.9222646,-1.1793627,0.5373359,-24.221964,5.2519546,-0.06617269,-0.90888214,-3.4044583,6.907257,0.31559825,-0.43583083,-8.747196,5.764351,0.28878862,-0.7037823,-8.61414,4.024844,0.95220697,1.7910705,0.9727611,4.3888793,-0.051359214,-0.027830362,-21.667387,3.4454358,0.14573723,0.4759698,-18.603878,4.358545,0.06322671,-1.1239978,1.5383174,3.683392,-0.1246151,-0.5928731,-7.595908,3.2321951,-0.21497901,-0.60803986,1039.103,200.13371,637.22766,1573.7546,936.527,35.4209,0.034087956,0.03952082,0.14372258,0.096348725,16.305374,971.4536819804274,466.6270398445515,AH_420J_07C96C2C-6E96-4A2F-BEC9-5CB71DB309B6.wav,healthy
0.22600491,0.06495310160928144,920.7770857338628,688.0372365144045,1390.8257216036677,-219.57518,25.097324,0.78101534,2.574306,215.67819,12.674351,1.0180662,4.058257,-68.34116,13.908531,0.37196055,0.88983154,-18.827702,8.845532,2.0048225,4.495485,1.8881716,3.963749,-0.5237266,1.3034196,-31.272013,7.9794865,-1.0904735,2.946951,19.508297,4.305008,-0.49201038,0.17280293,1.7805885,3.2055087,0.25430965,0.36612153,-31.302275,4.814934,1.7472559,6.096034,14.977312,3.4771008,0.34492517,-0.13721704,8.907,2.9076817,-0.30530995,-0.08884287,-20.648365,4.666317,-0.423215,0.3899734,-2.664887,3.28584,0.47085017,1.0090079,-13.73905,3.2935777,0.32906774,0.06822443,-24.094604,3.9102566,0.7892383,1.6174221,-0.10336735,3.4112124,0.069391355,1.1811099,-3.9449594,2.6648645,-0.89224607,2.815875,-11.721589,3.3483927,-0.1396965,0.086853504,-1.7273648,2.8668194,0.23690945,-0.6145165,-6.163368,2.633448,0.12025531,-0.6154406,701.6143,78.50832,174.4394,917.48175,743.04236,30.647552,0.04368148,0.023856271,0.07609886,0.06907072,17.411274,828.5294528818724,437.4073972570363,AH_444B_E1586F09-1BF5-408D-A55E-96D9E8B76A43.wav,healthy
0.24566855,0.08758544921875,1226.9931789655056,774.9901150582482,1738.2080078125,-188.191,13.807729,2.7321038,7.602788,228.57129,8.695051,2.1163936,8.727438,-125.64803,8.13475,0.19935073,4.259929,-20.039738,5.3811135,-1.3208615,2.6069174,8.9544,4.2630005,-2.2555652,9.7156315,-43.661213,4.525713,1.6960866,5.347089,30.713402,3.9936748,0.72563386,0.5409057,6.420963,2.335314,-0.23081948,-0.09904909,-39.535866,3.6672747,2.5323002,8.466053,20.11953,3.489971,-0.06287249,0.8309207,7.3737006,2.9995291,-0.99385333,1.7511497,-24.853342,3.6439297,1.531545,5.278839,1.4333417,3.203834,0.23168729,2.185863,-14.072612,2.7150807,0.11405967,0.7281661,-13.015466,3.4224308,1.1697136,2.8056393,15.377989,3.3196685,1.09276,2.6082382,-7.282935,2.3693163,-0.19963022,-0.6167598,-8.080312,3.0954967,0.43582213,-0.20555449,7.881239,1.8454347,0.39284638,-0.17967248,-12.647652,2.0626836,0.37259576,0.14046717,842.2271,76.60274,813.5124,1455.4678,641.9554,18.347782,0.021784838,0.014242537,0.08488359,0.055830423,12.7048,961.0821494976514,543.2519717645636,AH_456K_CBF60DD0-82AA-430E-A5E9-E1D3AE175CCB.wav,healthy
0.22090277,0.07152853801751592,1076.0816011615057,907.0280230312688,1906.0999390425955,-205.55748,36.98097,-0.51776874,3.9611907,228.42851,21.3587,-1.7472166,3.2982063,-52.316032,13.521609,0.90127033,0.93075705,2.1222992,5.0685596,-0.47645822,-0.11958289,-27.836498,7.08209,-0.472462,-0.36074877,-74.89226,8.755372,2.9612024,16.973957,24.983421,4.619114,-0.6859608,0.68423057,19.036894,3.7178836,-0.84551793,1.9063349,-28.86858,5.1123433,2.377311,10.792072,16.259405,4.2477374,-0.066441186,-0.5147588,0.8339865,3.6708424,0.14157721,-0.2690723,-18.596916,4.100843,0.5478929,1.3923483,25.067333,3.9317281,-0.8412115,2.3118901,3.4526153,4.080616,-0.26003537,-0.053200483,-23.860937,3.8728945,0.5480225,2.3099203,-1.5330195,4.1587014,0.06464552,-0.459898,-18.424612,4.014484,-0.112847425,-0.12035608,-23.145247,3.4105463,0.9209803,3.236556,9.933225,4.2915106,-0.23688509,0.7391453,3.2775385,3.0187335,-0.3456182,1.2385516,688.2968,39.36428,594.96564,744.3375,149.37189,14.394922,0.02091383,0.019277088,0.1332484,0.10499186,13.342833,805.5071998188514,611.8220119434226,AH_469Z_5BB05B2C-39C4-434D-9445-244E7580F840.wav,healthy
0.22859846,0.057423808787128716,972.5088848976491,749.4711152144964,1807.8296623607673,-221.35269,29.915712,0.5083108,0.23227,201.87543,15.164575,-0.24424823,-1.0069045,-76.57495,16.937853,-0.08541,-0.12995625,-10.339145,6.3253613,0.2853781,1.9903069,16.082336,6.340745,0.26030084,0.13977575,-41.339912,5.8647685,1.2341847,2.6756644,-5.4557405,4.0713024,-0.4043865,0.5254047,7.5980015,3.499737,0.45515543,0.10247493,-4.037787,3.8614233,0.9580734,1.3755589,13.579838,4.8641777,-1.1598514,4.205478,-14.615209,3.2317545,0.15873374,-0.15049529,-28.361082,4.256079,0.11495974,0.024014711,4.1482463,2.874585,-0.9569577,3.0402493,-5.1502643,2.2677429,-0.025753511,-0.11971164,-19.027357,3.4031103,0.23716018,-0.56565166,-7.2802105,3.5657282,-0.4068304,0.7600763,-10.6919775,3.650914,-0.04741956,0.20540237,-4.158368,2.8618166,0.48390964,0.3924091,-0.05813777,2.7420506,0.17026469,1.8765793,-16.779707,3.156092,0.6728733,0.08512688,728.57715,193.49986,199.47632,813.1442,613.6679,32.057457,0.044000085,0.050875857,0.06080941,0.058951974,21.20897,970.779624425265,570.9278007303631,AH_473R_E4947FD3-23C1-44F1-BCE4-DC59D8269FDE.wav,healthy
0.18111074,0.09281966531065089,1056.9822101158884,646.0548339091246,1556.888810558432,-210.11418,9.211373,0.2299421,2.4361086,258.5248,6.874005,-2.9992142,27.034473,-105.916595,10.544669,1.9498286,5.8981524,-32.34583,4.120504,0.05991278,0.14561892,20.035213,4.5367427,-1.0868005,1.7996502,-25.386068,5.5818906,2.2082717,12.96063,15.340377,3.538491,-0.13836117,-0.37800336,-1.3260599,3.4615788,0.16835463,-0.25699806,-29.429941,3.6563282,2.259467,12.295152,19.643223,3.5881295,0.1469756,-0.6914072,9.934269,2.315166,-0.101342835,-0.2579472,-17.504948,3.5025375,0.47971752,1.1711421,2.1552417,2.6558945,-0.13243586,-0.15089631,-11.467987,2.2413523,0.2775942,0.18473005,-17.741386,3.2028897,-0.13904534,0.31389976,4.141631,2.8212388,0.21860147,-0.18685389,-3.3858638,2.587095,0.17331944,-0.10157347,-1.4946262,2.676141,0.30410796,0.46853876,3.8000228,2.330852,-0.23000821,-0.14264274,-15.55672,2.7818394,-0.049393132,-0.080629826,934.6049,236.89413,234.13496,1362.2699,1128.1349,78.700294,0.08420702,0.0707895,0.07802053,0.06393973,13.27672,972.1142737116724,514.7387733582962,AH_501F_4BDDBB93-EA99-4B1C-AD7F-4D874F39FB0C.wav,healthy
0.3013241,0.06479624155405406,904.7670353095735,687.8427534509105,1245.2884158572635,-203.23723,25.800257,-0.22147103,0.33248615,207.40785,14.228258,-0.044124793,0.2647028,-51.916492,13.154499,0.3519758,-1.2169837,-13.1608,7.474346,0.93860316,0.50526977,-17.701519,4.43928,0.1790267,-0.33507514,-52.607727,6.3770294,1.565427,3.2804132,10.6143465,4.4846196,-0.54827684,0.7839601,3.9016385,6.1789827,-1.0065619,0.4499929,-24.424274,4.5899205,0.7409781,1.4829197,12.530422,4.2979693,0.6727225,0.34511423,5.968908,3.8911705,-0.42436698,-0.4669156,-7.8934836,3.3240323,1.0869249,1.9980488,4.5396256,5.445162,-0.0056552123,-0.5344584,-18.999168,4.5587234,-0.5050802,-0.6501579,-19.294512,4.450736,0.26878473,-0.7886987,4.870094,4.7981176,0.4314133,-0.34717226,-5.703037,3.2964733,-0.36405423,-0.16320014,-0.50714797,3.0578241,-0.31712547,-0.30008483,7.3529234,3.0237732,-0.10314976,-0.09715605,-12.922611,4.066875,-0.51215446,0.5623236,728.9338,38.501335,580.8718,806.75714,225.88531,8.355336,0.011462408,0.011151717,0.10527264,0.08682169,13.634668,711.6295820829885,372.53466370299356,AH_511K_DDC6D065-56B3-436B-9D08-73326C791B69.wav,healthy
0.25913182,0.055318425210674156,1072.363002482391,868.0709200550966,1882.0987315660113,-159.96828,23.653505,-0.73678434,-0.038966894,237.9958,19.635206,-0.6181636,0.007684946,-99.144936,7.4011083,-0.26180235,1.0647826,-10.963231,4.786134,0.15661572,-0.7966037,13.7930975,5.111511,-1.1632011,5.9983654,-40.862778,6.772166,3.167955,15.18977,26.925213,6.893206,0.6810921,0.46823812,6.846102,4.7810326,-0.08090965,-0.05283904,-48.55608,5.768279,0.3356562,-0.12942576,1.6910822,4.5713487,-0.29321194,-0.42084336,2.6214454,3.8177388,-0.12450615,-0.32360744,-27.932556,4.1510606,0.048461556,-0.71950054,-7.8107457,3.6261232,0.16096374,-0.41785622,-15.068644,5.2035775,-0.12743661,-0.6298852,-18.331758,3.1646652,0.053535074,-0.62287927,-1.931567,5.0378346,-0.23998646,-0.39808607,-20.692606,5.3238287,-0.124877594,-1.0113542,-15.716383,4.7095194,-0.20042959,-0.2142489,3.1898131,4.4525113,0.23424484,-0.49663043,-18.235594,4.3236165,-0.3112024,-1.0149348,176.45572,130.6698,153.9025,1400.1056,1246.2031,14.626666,0.08289143,0.018435195,0.14660463,0.08514638,10.607878,872.69287109375,475.61176571556297,AH_523T_66147C3C-938A-4CF9-913E-5D49D72BD8B6.wav,healthy
0.22546011,0.07154147907838983,944.4341333409425,682.3082881572146,1288.0687648967162,-192.07297,15.670077,1.9517705,4.9945316,252.89565,9.171605,0.15751065,0.6696887,-71.24285,11.829825,-2.4984782,9.081466,-18.02269,4.6911607,-0.47311735,1.0136514,-12.946872,6.3005004,0.32775724,-0.23345494,-56.683113,5.269952,0.2688359,5.8215275,25.53525,3.4523215,-0.23560984,0.1782074,18.61,3.2105682,-1.464245,6.073965,-39.33873,5.157506,0.42063746,-0.56228304,-1.1631967,5.0336943,1.5021373,3.4385767,7.8725166,4.384966,0.4309773,-0.45030785,-9.942946,3.6422462,-0.26306945,-0.16786504,7.051456,4.645797,0.3601343,-0.11211109,-7.2595134,3.7158902,0.4297697,-0.3007121,-20.692966,2.5984778,0.24624115,0.8092234,-8.015984,3.6084087,1.041273,1.4285045,-12.6384,4.755455,1.1367311,1.124886,-4.0107746,4.0312715,1.0093982,1.1361961,4.8585076,2.6749792,0.07445249,-0.34144592,-11.503814,2.6847405,-0.3530496,-0.24749255,750.5711,169.30768,582.017,1209.5566,627.5396,58.74818,0.07827131,0.064242296,0.1335782,0.09328841,11.818795,803.2118822180706,440.69940168446163,AH_528T_6A746E6E-FB60-4363-842F-A7368A1E5B2C.wav,healthy
0.27276403,0.1000122923951049,1041.2166597598796,573.1550538849353,1287.0229867788462,-237.48383,31.952543,-0.102729775,0.51605964,200.78352,16.91918,-0.30816397,0.2274797,-74.7683,11.501595,-1.3458781,3.8323097,-33.812504,4.8904095,0.02399942,-0.5638056,-9.251309,5.4273005,0.4211506,-0.066073895,-23.877258,5.2247057,0.2966524,-0.5027418,34.463478,3.8967996,-0.01693477,-0.1056664,12.6786585,3.3574302,-0.7749415,1.8194923,-31.25241,3.6886997,-0.27767685,0.15516305,-0.9691243,4.327799,0.15559226,-0.6590636,-3.6676722,3.0063782,0.13794449,-0.38238096,-13.00216,3.1520398,-0.52870053,0.913743,6.902912,3.077194,-0.21719521,-0.0726037,-12.2262945,3.3255513,1.0891268,1.5658674,-20.864206,2.7757323,0.06853065,-0.5543015,0.8009141,4.2958755,-0.8087436,0.8671963,-3.913209,3.0084689,-0.28878927,-0.4218676,-4.139999,2.5157375,-0.19394293,-0.34751463,-0.82031643,3.1519804,0.39072788,2.3037167,-16.424633,3.3314633,0.25294396,0.6870775,1154.8075,120.78683,837.86566,1337.6641,499.7984,49.732983,0.043066036,0.042910654,0.09098548,0.08187457,16.35759,764.4287109375,372.2738266096135,AH_538M_AE709CB7-1123-47F8-8BD2-000158BDBC01.wav,healthy
0.14765944,0.040060478344298246,893.0229615674365,778.303688671116,1492.0243112664473,-251.21295,25.318504,1.1704344,3.5201297,207.61288,15.223488,1.1891987,4.0517306,-57.53625,10.241916,-0.9243716,2.1757712,-7.2287283,11.678815,-1.1186333,1.3699784,11.44184,9.366965,-0.2904456,0.17575741,-29.440594,6.88959,0.71840066,1.0154715,17.266499,5.3317466,0.5672753,-0.08629298,5.6126113,5.5143085,-0.16850333,-0.487849,-36.135674,9.17392,-0.8703406,1.2030182,1.6584918,5.8649826,-0.157597,0.14498258,11.315636,5.5078554,0.23554607,-0.1259799,-14.817464,4.244758,0.018642645,-0.41056418,-8.752734,3.4375896,-0.10850028,-0.2465899,-9.936044,4.4511514,0.4373776,0.09590292,-13.015572,3.691121,-0.031909592,-0.6391976,-2.488785,3.6949484,0.52266836,1.1578288,-4.64176,2.816021,-0.056926474,-0.29221082,-4.19934,3.226675,0.34730923,0.3201704,-5.3663516,3.6380773,0.43193638,-0.22820377,-12.126137,3.230715,0.2649871,-0.061594725,292.7332,234.74525,184.97443,923.13727,738.16284,28.237513,0.0964616,0.08540353,0.06068932,0.09185762,13.600628,843.209933904628,520.9311013402239,AH_562E_151814F5-BB0F-44EF-9A22-FE2862FC3411.wav,healthy
0.24637976,0.08172052556818182,967.033363749127,576.381275607245,1268.697176846591,-187.33511,18.223019,1.7229743,9.130863,241.73506,11.407662,-3.0996315,13.611601,-71.91459,11.616716,0.5875164,0.14733219,-39.281143,8.71922,1.2204615,1.4121284,-19.998116,5.843608,0.4238556,1.1885147,-48.987476,6.0252066,2.1912117,8.395777,10.202022,3.6987944,-0.5542824,1.1462216,6.036531,4.115341,-0.5075302,0.9771662,-31.827852,5.011491,2.2427201,8.54482,-3.7258043,4.592666,1.1216996,2.5601573,5.1065383,4.551279,-0.2350885,0.09037876,5.699038,3.354514,-0.06734469,-0.05796814,12.6746235,5.9587607,0.2754883,-0.7843926,-18.98877,5.8892994,0.13991952,-0.75098586,-22.60514,3.2009559,-0.40645054,1.2985702,-1.1268885,3.4390993,-0.43621778,1.6088595,-13.984921,3.5854778,0.44942713,0.5509927,-6.9563627,3.6605518,0.4927254,1.2439685,9.098752,3.4157956,0.022820447,-0.74974203,-10.872249,3.4536543,0.034365032,0.38775516,770.81244,216.8144,580.54016,1230.6614,650.1212,78.726395,0.10213431,0.10863433,0.13621822,0.091244824,7.6983776,775.8333333333334,333.1589127654941,AH_569E_B26CCA1E-29AD-48DD-9947-48DB8A56CA31.wav,healthy
0.16968894,0.08782404119318182,1002.6683922145513,652.7694876034574,1325.8825128728693,-262.3579,38.04148,0.86284035,0.8810091,184.25615,20.711214,0.94125587,1.2770882,-69.70698,12.947323,-0.9468063,0.96987414,-26.135712,6.7067327,-0.48028824,1.530415,-5.549818,6.51672,-0.14058128,-0.83824134,-32.86423,5.309256,-0.5900092,0.22293305,20.49304,5.201499,0.8865672,1.1513653,10.688397,5.1343956,0.13191043,0.703274,-30.684246,4.4541755,0.5109617,-0.5003042,-0.18201075,4.399574,-0.31206524,0.5402193,2.5850592,3.8734517,-0.8173582,1.6348076,-16.697927,3.8236868,-0.34489864,0.2742772,1.5096424,3.2650983,-0.11695077,-0.35779715,-0.9521784,3.044508,-0.1015298,-0.78280425,-14.790769,3.5440125,0.20995082,-0.47009945,-6.759689,5.216276,0.8466375,1.6982813,-4.7074847,3.2961984,1.8142221,5.991191,-1.5940857,2.9139464,1.0933977,3.5218396,-0.25258437,3.6252348,-0.23483431,-0.42523265,-10.5873375,3.1569881,-0.4364177,0.35590744,1047.0483,191.67737,197.65424,1208.1255,1010.47125,74.85072,0.07148736,0.06326283,0.076617055,0.10153224,8.474666,876.2451519158961,482.4745632361628,AH_596S_BBE9779F-C440-42D3-9C96-4CD6121D1F7E.wav,healthy
0.2173305,0.03499545055220884,825.3403478015229,711.2247304518515,1288.0574054028614,-221.67741,27.020092,0.38390163,-0.02931118,218.74112,13.990775,0.32635126,-0.028819084,-53.585243,17.650505,-0.92922246,2.0310287,-9.200905,9.695147,-0.45041642,1.5591893,5.8213058,5.1900945,0.8714865,2.5802374,-25.19905,4.5094476,0.16316234,-0.12343192,29.658604,4.3907104,-0.44731453,0.17251849,12.552664,3.696412,-0.26624957,0.4942007,-30.546675,6.4057055,0.41821435,-0.3388226,1.5043486,3.4814973,0.94497967,2.0400066,-2.5008194,4.2834554,-0.34618968,-0.3619597,-19.442123,3.2936397,0.24430415,-0.008796215,2.088576,3.122578,0.3333468,-0.25402832,-8.376723,3.261903,0.3551807,0.014681101,-17.863821,3.2580252,0.38583884,0.24725056,-2.7992399,3.0139012,0.37413573,0.52720356,-13.833427,3.047817,0.38140655,0.2880864,-17.28215,3.1160834,-0.13947338,0.44671226,-4.667251,3.426546,0.4963646,1.0327382,-9.669524,2.6332798,0.13855742,-0.2601955,252.33987,189.90948,196.93161,1247.169,1050.2373,5.9658675,0.023642192,0.02181613,0.07281333,0.0744323,16.535019,780.6789232336956,421.55104140878666,AH_619B_5CF9C4CA-31AA-4F22-8E57-8E53618CC224.wav,healthy
0.30596316,0.06595235475352113,981.9740009442462,731.6010897379582,1865.2758101342429,-171.33727,14.17288,0.6310499,0.009801388,231.68811,10.752393,0.8864732,0.89500046,-86.65987,8.722639,1.5095416,2.7836213,-13.652899,6.5782475,0.22894995,-0.5962248,3.8100982,9.286759,-0.6319399,-0.004990101,-69.99125,5.61189,0.5290013,0.6887207,-12.371779,5.2815595,0.4974195,-0.17668724,8.716601,4.141399,-0.8022088,1.8127456,-31.877136,3.7480562,0.26492876,-0.5753305,-18.195595,5.7060943,1.1615825,1.6799588,-11.845741,3.4461443,-0.00935479,-0.34630227,-3.8219266,3.5507147,-0.5658611,0.0016367435,19.533352,3.8551137,-0.47683036,0.37997532,-0.30049118,2.7332783,-0.44073436,0.54133654,-8.6609535,2.7306178,0.098124444,-0.30915952,3.4480035,2.6227732,-0.0910229,0.36269093,-15.285763,2.254788,0.34573355,0.34700465,-13.39941,2.565664,-0.026953358,-0.51938486,6.2275367,2.5919735,-0.066621214,-0.3970151,0.12300309,2.3629797,-0.09564144,-0.13910365,592.3236,56.252728,457.34665,645.17554,187.82889,18.98881,0.03205817,0.029546088,0.11845617,0.07039037,15.610016,829.6467259987113,490.7341403947235,AH_621N_204CF3E2-1DA0-4908-A47F-78997B1BAFC2.wav,healthy
0.2210011,0.06651128724563954,934.6467989521133,598.258522757843,1315.0903036428053,-239.48497,19.910975,0.8349031,4.4786367,222.24661,11.664777,0.5163239,2.7880197,-74.01314,6.146585,-2.0152566,8.945457,-31.754215,5.0482016,-0.12112257,0.6009283,-7.878364,4.7544537,0.48101237,0.3427999,-29.589054,4.8047457,0.44613418,0.60799956,25.202084,3.5981731,0.091317944,0.68072295,2.9886255,3.6743412,0.11503839,2.0009375,-31.978312,3.1357574,0.099221714,-0.045127153,9.212469,2.9532502,-0.55746865,0.8344071,2.5629811,2.9100318,-0.12023615,-0.15494442,-14.932097,2.6963224,-0.08170139,0.4500699,3.3985982,3.2403605,0.1490938,0.107218504,-14.772121,3.4214032,0.66901755,0.0149436,-17.546133,3.4882498,0.2970021,0.17915702,7.193964,2.6658518,-0.55973285,2.3017616,-6.2244363,2.8001966,0.006934185,-0.60486484,-10.6568775,2.5848265,0.5099876,0.8704989,0.02567777,2.6204972,1.4306667,5.8648806,-11.328704,2.7877142,-0.29666063,-0.6398704,753.98444,60.340576,717.25916,1118.0593,400.80017,5.2431645,0.0069539426,0.005300614,0.059896123,0.05701592,19.143375,831.2844720298023,420.9982573447527,AH_667J_605FB4D5-E0DB-4B9B-8F58-784561C51693.wav,healthy
0.18613872,0.09445278630780347,1092.1860933462658,680.1564383355662,1370.0967248464594,-251.61887,34.54587,0.6355859,-1.006158,184.87439,19.773067,0.8431941,-0.26815414,-69.54131,13.283632,-1.299417,2.0705366,-28.063087,5.6260257,0.40137514,1.9554243,-21.746428,6.113123,1.6468285,4.444642,-43.875515,4.890359,0.29067487,0.7448008,28.904203,7.100726,0.62564737,0.023322582,18.530928,3.6813543,-0.5526754,3.9803753,-28.371206,6.0111475,-0.31142813,0.060358763,2.320677,3.3380609,0.91550803,1.3687139,2.5946245,3.147597,-0.4521831,0.0855732,-10.230112,4.7378883,-0.33638623,-0.27487516,11.358216,3.3754604,0.15882972,0.73884034,-3.945321,3.3046336,-0.91250926,1.9377165,-18.993954,3.4733124,-0.3830209,0.6449721,-0.99228936,3.0452383,0.27819127,-0.4202528,-1.6782509,3.3760347,0.095601365,0.32545304,-1.5683821,2.6241827,-0.06492272,0.18155241,3.656112,2.6004865,0.3397052,0.28071952,-8.211606,2.3463836,0.0682218,-0.023656845,1032.3428,155.33502,794.18646,1189.7332,395.5467,24.79452,0.02401772,0.02432144,0.051202547,0.06840874,20.187876,765.0137697380028,399.84968326774134,AH_678A_2E7AFA48-34C1-4DAD-A73C-95F7ABF6B138.wav,healthy
0.23705368,0.06845819382440477,1062.0202841694606,761.896693401369,1462.847900390625,-210.62563,17.956867,2.6181984,7.9948187,205.06204,10.574403,1.7026705,3.3548431,-93.06028,10.086354,-1.2342865,5.3155327,-28.76715,7.746464,1.2398722,3.6339931,-4.884657,6.670285,1.4196987,2.9079847,-26.774824,6.122944,0.96534574,8.84386,36.82752,4.400729,0.22330269,-0.9959328,1.7729659,7.082227,1.2773548,2.1761794,-39.780014,5.6987476,0.19017608,-0.53741145,12.304692,3.2729816,-0.2772126,-0.4864943,-0.7092273,2.2204645,-0.24842091,-0.2779367,-24.496183,3.0308688,0.5501671,1.3136516,4.6867323,2.9798346,-0.059410762,-0.35207844,-13.26333,3.7935328,0.17310683,-0.855494,-22.28663,3.9760451,0.24045889,-0.42399716,5.0057015,3.3931246,-0.87029403,2.9777184,-9.2592945,3.2666864,-0.17618424,-0.30539966,-15.4520645,3.0507395,-0.12117477,-0.76596045,-0.26807162,2.7450938,-0.15055123,-0.25092626,-10.8357525,2.8568606,-0.01737069,0.2716539,439.8304,366.48273,190.20464,1052.0177,861.81305,31.290602,0.07114242,0.08406526,0.091024056,0.07418101,14.411787,942.5373676394628,561.167685043283,AH_743R_66BD23F9-D685-4315-86F8-7697B5084F7B.wav,healthy
0.19538794,0.043588491586538464,720.2331312255882,664.300306483566,1120.416729266827,-217.433,31.20646,0.34773013,-0.66953945,235.15706,20.251926,-0.5923157,1.0631042,-18.822365,11.552326,-1.1611073,2.235455,-1.015405,7.76868,0.2878226,0.05400157,-9.095232,7.79101,0.3486541,-1.0431203,-37.3609,8.190547,0.24827702,-0.32614422,21.821354,7.3096423,0.47137675,0.048063755,11.672342,5.8529253,-0.29563978,-0.5638218,-24.730534,8.416663,-0.015543842,-0.49939775,2.7836998,4.7157326,-0.38636285,-0.1586678,-1.2031872,5.708128,0.45144996,-0.3704629,-9.023039,5.0970273,0.36423787,-0.58159184,11.2289,4.5646377,-0.11693913,0.0501678,-7.9181323,4.0243263,-0.62739927,0.47336984,-17.869522,3.348387,0.36362678,-0.45551252,2.0579338,5.944187,0.6374035,0.41687822,-4.509781,6.0200047,1.2588999,1.6474528,-5.1292286,3.3522584,1.0854324,2.5715199,2.6802852,5.136216,-0.57416767,0.06389332,-11.152368,5.0250425,-1.0313271,1.0436935,332.00208,155.2068,205.49368,709.7979,504.30423,46.056202,0.13872263,0.10484187,0.13222167,0.12853444,8.468871,672.0579292847938,340.47236098856354,AH_753G_073DCC32-4397-4719-A019-DDD41F30F5F1.wav,healthy
0.17399733,0.0913596929505814,1307.3066734424492,1079.8852508958435,2943.9769656159156,-218.18564,14.355849,1.4157215,5.0472155,234.07318,10.345774,2.3228025,7.1084394,-88.61244,7.2473273,1.6141614,4.9753036,13.256028,5.347451,-0.6861498,0.6636274,-17.365965,4.291807,0.089441255,2.462376,-81.83812,5.729853,1.0700552,2.6419673,39.87252,3.8307433,-0.06135843,-0.043043613,20.78835,2.755094,-0.23900685,0.560729,-45.168865,3.5643058,1.0249023,2.0316725,15.785787,3.05471,0.0004485698,-0.23937368,-5.668613,3.3646324,-0.2771572,-0.6292951,-38.829308,3.5203679,-0.04984854,-0.44293833,14.321627,2.1544511,-0.18573917,-0.43114114,1.0777038,2.6697805,-0.019842537,-0.3776691,-20.897835,3.303004,-0.44123432,0.7369597,3.9439197,1.6519419,-0.09379086,0.18071485,-12.369535,2.2722228,-1.0294164,0.80453897,-12.785355,3.2259188,-0.7851441,1.2196851,7.198032,1.8708264,0.093854345,-0.60199976,-10.694981,2.3280203,0.17803219,0.6103625,825.5367,149.21173,247.10071,1091.0355,843.9348,85.711845,0.10382561,0.07188097,0.10484469,0.08752267,11.19934,1584.360292036171,1241.835123727419,AH_777G_4C8ACC89-7FE2-4174-AE3A-B21B39A0C869.wav,healthy
0.2968977,0.04609437201433121,766.543180207412,659.610723857729,1209.6996914808917,-203.77582,21.658745,1.1776229,4.487142,207.64871,11.985727,0.64313036,0.7257147,-42.929054,10.755054,-3.7359266,21.580202,-9.559407,8.792191,-1.2967331,4.6340575,-3.6874352,7.1316714,-0.7177305,1.4606342,-34.79489,7.2981925,-0.16621584,0.68346286,15.712698,7.650053,-0.24168986,-0.48996544,5.2343454,5.2283883,-0.16936333,-0.12138629,-25.66322,4.170181,0.45507374,1.4101629,4.096697,6.1389246,-0.0049849823,-0.87844634,-3.6033702,5.6345344,0.15451393,-0.65440774,-17.89318,4.4919114,-0.117216654,0.20506,-0.39469957,3.792962,-0.20173453,-0.543216,-14.686696,3.2863731,0.0083736805,-0.4085834,-18.83198,3.568526,0.35130736,-0.49883318,0.5068954,3.704111,0.13314012,-0.10348749,-8.343544,2.0902255,-0.010638815,-0.13578963,-8.818033,3.0768046,0.4194762,0.012403965,-1.8965688,3.4679887,0.48302177,1.3234224,-16.317963,3.8049912,0.107326336,0.07012892,284.13486,175.10893,206.68187,1056.3583,849.6764,13.069737,0.04599836,0.047880154,0.093740106,0.07622658,19.267693,761.5523943038592,440.2597413812541,AH_777R_A36CF7FA-37FD-483E-98FE-040942B1DF49.wav,healthy
0.25795084,0.09954060299295775,1177.974122017165,640.1340023565731,1636.2201529489437,-218.40973,29.831749,-0.15704896,0.4398644,191.37921,17.608116,-0.35449362,0.47753787,-95.456924,12.742005,0.18991734,0.32104945,-33.792854,9.16623,0.3021422,-0.71924853,9.159302,5.610837,-0.19894925,0.1965425,-25.37796,7.224783,-0.08119579,-0.25865412,3.10595,4.806912,0.3450747,-0.52937436,-13.927406,8.798361,0.6160288,0.8808572,-28.2818,9.345761,-0.5379693,-0.87483525,18.139883,5.1941285,-0.656545,0.26533937,7.516925,6.7122383,-0.26269218,-0.49735093,-16.029236,5.5388584,0.3142534,-0.23895383,0.57650024,5.042373,-0.46722,-0.25810933,-8.857784,4.8934965,0.08202842,-0.05572605,-8.036673,3.7458546,0.80247736,1.4060063,9.449683,4.9781723,0.11885927,-0.25447655,-6.746363,4.8285346,-1.1417753,1.3514915,-9.860973,3.7832842,-0.41626927,0.2646575,-1.0710795,5.1439376,-0.2058238,-0.35806513,-14.001461,3.746768,0.34390748,-0.28987408,960.5032,339.52557,548.97406,1650.4227,1101.4487,94.57144,0.09846031,0.10938612,0.11215165,0.09533149,12.632037,1075.0249919101332,505.58690532628157,AH_789Y_20CB672C-5F66-425E-8707-BE5B7FF807E2.wav,healthy
0.21575467,0.04192184189618644,1008.3009761875054,813.9299853369071,1871.016369835805,-215.2262,14.667358,3.5725117,16.111725,218.4972,9.27819,2.4065955,11.990063,-95.50419,6.983381,-0.05246195,0.4574182,-5.5492163,7.5688553,0.86062956,5.08722,36.976406,5.830808,-0.84110487,6.6268654,-32.85029,6.2083077,1.4810979,3.7135482,4.278218,5.0535,0.03765956,-0.76672363,10.18573,4.8700056,-0.3351808,-0.06683421,-24.746956,4.712397,-0.029596215,0.056178093,6.468411,4.414424,0.19097365,-0.56044173,7.122008,4.339896,-0.1397162,0.30742407,-20.628094,4.5640836,-0.5291127,-0.18980885,-6.8091865,3.5637882,0.44634745,0.18329024,-1.2873682,4.5014663,0.08569369,-0.08141279,-7.473512,3.0691116,0.38428348,-0.13679552,-6.4331465,4.060931,0.10755295,-0.3636799,-9.647846,3.5821118,-1.0923401,2.2917895,0.10780372,2.9187815,0.11778862,-0.23821235,0.6964598,2.908354,0.19865043,1.4822865,-12.431683,2.6032739,-0.15280503,0.4961512,186.82463,3.0164483,184.21494,214.69592,30.480988,0.7276914,0.0038950506,0.0021032146,0.068966925,0.06085689,19.28783,1089.3668434836648,657.4465695078851,AH_803T_66094C40-AE64-4AD3-AA97-B052C69DA3EF.wav,healthy
0.11675016,0.07487222092661691,1046.3166927254601,756.4370965009329,1709.9613018889925,-245.21094,24.611044,1.0369424,1.8115082,203.04678,13.618636,1.11686,1.1247048,-78.11919,15.408513,-0.2932708,-0.4031465,-19.408869,11.463006,0.2709227,1.1717019,8.397179,5.083461,-0.36599684,2.8315554,-36.744843,5.7185903,0.06502815,1.7237105,11.624823,6.082615,1.1692948,1.4575744,15.017703,4.1062794,-0.67577165,1.9294467,-19.932543,5.184926,-0.70655537,1.8471413,4.4021955,4.1537724,0.037706643,0.14806771,2.912356,4.377998,-0.026601385,1.6756959,-18.351278,4.086062,1.3821007,5.912364,-9.403026,4.9477386,1.4109966,3.0230832,-10.353734,3.9139974,-1.6795559,5.191865,-5.7592325,4.6054397,-2.2812047,6.8993063,2.631521,2.8717306,0.5970913,2.1122618,-10.934325,4.4901276,-0.42110905,0.6190753,-7.101107,2.8888307,-0.14906813,-0.016952991,-1.9932457,3.3972502,0.7048366,1.3913608,-15.855069,3.1126025,-0.12241,0.53220844,836.87067,223.66115,181.71945,984.6746,802.9552,26.637419,0.031829793,0.02958716,0.05275997,0.0842936,13.36443,934.2642565879702,548.7663762860193,AH_821C_8F9D5EF0-18B2-4967-B36D-82E014792BC3.wav,healthy
0.21190177,0.0780297256097561,1012.3641497045538,663.5648225120632,1522.292420922256,-173.19037,28.712317,-3.5265315,14.263662,275.23926,19.695795,-4.1371975,18.645664,-95.60783,8.9997425,1.1714436,4.200873,-26.747103,5.9820337,-0.5661091,0.63085055,17.62458,4.721681,-0.6412807,0.936419,-30.858212,8.451248,2.4628372,11.917329,15.945708,3.6576588,-0.031939793,-0.5005863,6.2811937,4.9529366,-1.828256,6.751336,-24.924253,4.0695643,0.3434921,0.21458864,14.34565,3.8678865,0.36869204,-0.26353025,8.065876,3.517662,0.025325725,0.39422798,-9.040262,3.4766605,-0.32305807,0.7541914,2.8944218,4.3979173,-0.3395705,0.8238003,-18.267874,3.1961114,-0.5131336,0.35671353,-13.250786,3.9283047,0.7119341,1.4816523,7.4701457,2.5401297,0.0568686,-0.4517882,-17.315058,2.993948,0.37134597,0.30445862,-13.523247,2.9139185,0.16933338,-0.5573716,6.3746533,3.3283002,-0.6236503,0.31616378,-10.691001,3.098595,0.14892651,0.6080158,521.8137,284.2774,161.1302,1439.8483,1278.718,52.87085,0.10132131,0.11330682,0.14986296,0.08808828,7.341624,936.783425193457,453.84088904713053,AH_888A_7F1444B0-B12C-4B55-AF2A-463395DCAF3C.wav,healthy
0.27634248,0.06924648139312978,989.5756293224217,815.271884354838,1470.5040851622136,-227.3719,48.752758,-1.7897513,2.3971853,190.614,26.534449,-1.6826651,1.9144096,-55.481556,14.895885,1.196244,1.8824205,-0.4311223,7.421034,0.079485305,-0.36152434,-5.7499504,5.623106,-0.033902675,1.3121591,-48.74668,13.259522,0.7492065,-0.26546264,24.622421,5.9622083,0.75113577,0.8555131,21.569832,7.328331,-0.69987506,0.11573577,-24.567541,5.5838885,0.62784994,0.4559579,8.016005,4.760741,0.9643635,1.1884913,0.3722985,3.5875392,-0.31528884,-0.550663,-28.063036,3.5817416,0.51114005,0.76311064,-3.670495,4.242858,0.32324624,-0.07990837,-4.8621984,3.5587654,-0.80695873,0.8855176,-16.322306,3.3468447,-0.17003201,-0.55163693,-1.9526507,4.3508224,1.4882678,3.8855138,-10.413706,3.4676762,0.050482474,0.08062291,-16.707079,3.5912604,-0.3250949,-0.054936647,-3.717826,3.726645,0.60855895,0.3721347,-5.5737166,4.720363,0.52437943,0.07948661,753.8596,317.10245,235.05872,981.6334,746.5747,66.18149,0.0877902,0.0995401,0.07668813,0.07302557,20.011585,878.7962364269836,655.5873149601996,AH_904H_85B22FC1-BA09-4A17-A374-B00B2445CD27.wav,healthy
0.26430434,0.057169596354166664,766.7456496856572,521.5016566873969,1025.13427734375,-218.524,25.565071,0.95255995,1.6188664,222.93036,12.605171,0.5680714,-0.24328613,-25.040861,11.947515,-1.421827,3.6437778,-16.925253,5.2206287,0.8623709,0.9819052,-32.559868,7.1794405,1.9175764,5.638817,-65.421684,5.2552156,0.6286735,0.8924515,-1.8934101,4.0130486,0.82506704,0.56330204,6.6040096,3.3525262,-0.35060623,-0.16274333,-19.781912,3.4816122,-0.05268132,0.94145346,1.9202898,4.5698247,1.6184633,4.326203,-3.3687384,2.3037941,-0.41569492,-0.20307875,-8.778343,3.086717,-0.12694566,0.94126654,11.735652,3.3208659,1.0679585,2.6167402,-2.415617,2.6035333,0.05416188,0.43695283,-12.845084,3.7320924,-0.25633383,-0.13233209,-6.3069096,3.1057158,-0.09662813,-0.4160204,-20.199345,2.5983043,0.16972135,-0.7088263,-13.151678,2.925398,0.3980346,-0.32473755,4.79844,3.5487628,1.4842896,3.1138277,-3.6353884,2.2641263,-0.2745571,-0.33259583,631.5345,56.810585,552.6221,722.8153,170.19324,22.306553,0.035321195,0.032532796,0.1343151,0.110439666,11.407394,638.3685286103542,263.0143053620323,AH_942A_3F7867F3-1AE2-4BE6-B5EC-AC3157D310CF.wav,healthy
0.22454967,0.060408837684599155,998.2163136533704,825.8510917405569,1804.1553352452531,-170.86131,17.795984,-1.5708864,4.9890103,219.77448,10.783031,-1.3047239,2.3438249,-70.89226,9.200783,-0.5918307,1.3391461,-8.893892,7.086951,-0.72959954,2.0236473,8.869483,6.916547,-0.80387783,0.4796908,-43.398594,8.776645,-0.15849192,1.7279568,2.6153817,7.2569156,-0.06313491,1.7360625,-4.3213015,8.3288,0.93505484,0.78061175,-28.468704,7.7082024,0.85686356,0.38379717,13.495135,4.5785637,-1.149747,2.6711745,4.2290606,4.65815,0.06847884,0.8924563,-10.741794,4.5081477,-0.09711144,-0.01856327,12.886785,4.199889,-0.40522695,0.25602293,-13.516165,3.4412472,-0.065523766,0.71123505,-26.843578,5.2785935,1.096464,0.9965601,1.4376538,3.0634823,-0.26088893,-0.07364488,-11.986511,3.677258,-0.54617476,0.42631078,-17.963709,4.7455482,1.11797,1.7963209,4.2771826,3.5104551,0.19397901,0.27347922,-4.646357,3.5226135,-0.26478148,0.6047988,446.5346,198.00177,244.15749,681.5654,437.40796,32.466156,0.07270692,0.07604894,0.0851118,0.066938244,15.574883,697.0733930350527,444.3193117552146,AH_545616858-3A749CBC-3FEB-4D35-820E-E45C3E5B9B6A.wav,parkinsons
0.23661381,0.05939885496183206,841.8518135024023,736.4911054881541,1168.8748658158397,-190.42076,20.080643,-0.19175869,-0.50600123,244.9101,11.199361,-1.5351479,3.7407537,-45.546387,12.113204,-0.07038468,-0.3860135,-3.3218563,5.9701557,-0.21628478,-0.35512924,-11.809464,5.5077715,-0.5855392,1.8561425,-46.92719,7.0139723,0.30445814,0.67592907,28.390179,7.377634,-0.7511158,-0.21134257,12.4018755,4.1104746,0.045415092,-0.28363776,-29.886713,5.4147406,1.0324411,4.47585,11.18442,4.054792,-0.21646766,0.059982777,0.904552,3.237756,0.042711347,-0.3779781,-18.13723,4.9153953,-0.010946901,-0.2956245,8.50807,4.563661,-0.2849289,0.5977192,-5.607839,4.535367,0.42824313,-0.32920766,-16.352362,2.8656776,0.63367975,0.36849666,-5.0876174,3.1301894,-0.23674266,-0.39824963,-19.908262,3.061569,-0.31298575,0.13539863,-10.244387,3.8736053,0.0031800156,-0.50171185,5.884876,3.3451893,-0.6689039,0.9564004,-8.707382,3.8110728,0.064110756,-0.5993085,362.23093,222.2925,204.71173,735.78,531.0683,25.96022,0.0716676,0.07793405,0.09344935,0.069710635,11.914672,658.9764597039474,334.6685933285585,AH_545622717-461DFFFE-54AF-42AF-BA78-528BD505D624.wav,parkinsons
0.16723058,0.09306376689189189,1142.646951075262,704.7936456734427,1495.1026710304054,-291.74466,79.01962,0.249944,-0.8509183,159.40227,38.39841,0.24741682,-0.7124684,-67.023994,28.038576,-0.11927367,-1.0184673,-34.31952,9.2339,-0.912818,1.5004325,-13.065448,8.998543,0.747778,-0.21179938,-21.34455,11.946605,0.28236118,-0.43655586,23.392042,10.256648,0.38287538,-1.0474325,-2.1065912,5.8677044,-0.27870986,0.9195814,-30.470636,8.995101,-0.26194587,-0.9024615,10.016018,5.6777215,0.16437918,-0.42847538,1.4802014,3.6341472,-0.8300659,0.22620797,-21.121258,5.7855296,0.7968757,0.9375541,-0.057254057,5.6656723,0.12714657,-0.35165668,-5.893259,6.225127,-1.0738937,1.0095816,-9.770227,6.938005,-0.28240204,-0.77003145,9.669267,4.4509444,0.7826866,0.76602983,-4.832897,4.2135463,-0.09743079,-0.6246629,-17.01944,4.815739,1.0607541,1.2775435,-4.8207445,4.3816614,-0.39314768,-0.2026856,-7.196705,5.0682654,-0.23379882,-0.42158556,992.7685,138.0354,479.42126,1398.0264,918.6051,37.85817,0.038133934,0.032337848,0.11311825,0.17176212,5.8893614,937.2902732933579,487.7194994386128,AH_545622718-C052AD58-5E6B-4ADC-855C-F76B66BAFA6E.wav,parkinsons
0.3031924,0.07335344145569621,1050.6182221363083,724.6623014435371,1605.995352056962,-214.3609,75.50296,0.56452334,-0.3553455,168.45107,28.250185,0.22815111,-0.4649892,-53.92902,38.60063,-0.17234558,-0.764765,-22.239956,32.666218,0.3265001,-1.4571431,-9.049677,30.172997,0.31950876,-1.32171,-27.153349,13.451112,-0.14260902,-0.7474971,21.495142,9.627754,-0.2930444,-0.86836076,7.47759,7.8724327,-0.50458664,-0.08238745,-25.568668,10.151572,0.21988222,0.48343754,3.0517418,9.936258,0.050492834,-0.6486802,-0.8698177,11.136588,0.44705772,-0.65325737,-15.979888,9.861085,-0.24843627,-1.0649726,0.7081404,6.7646976,0.28570825,-0.29793334,-7.6503763,6.022461,-0.036667652,-0.2046926,-11.442465,6.7618637,-0.24171917,-0.1683681,5.790882,5.9905243,-0.64439917,0.06387544,-1.5220057,8.036086,-0.19143578,-0.94979143,-5.2884817,6.2108765,-0.26175264,-0.50233555,0.9755029,5.811811,0.21812129,-0.34668922,-7.3002787,7.0714197,0.20768622,-0.08150697,666.38873,337.65118,279.14294,1430.2723,1151.1294,54.77166,0.08219176,0.07690355,0.13710539,0.10931409,12.125999,1033.0951519536902,625.0311464165925,AH_545622719-52C23861-6E0D-41E0-A3D8-9358C28C019B.wav,parkinsons
0.3204481,0.0576571098663522,1014.012497468211,950.5402053919196,2066.713498673349,-183.238,35.89563,0.34192735,-0.7919884,186.669,19.728844,0.043635737,-0.66524863,-55.849007,28.32546,0.31299087,-1.0333953,20.50616,13.436083,-0.3700379,-1.1826569,18.90494,14.265436,0.017408945,-0.65862775,-37.637295,10.622935,0.02607082,-0.865355,24.342299,10.029858,0.26907155,-1.2258254,12.930383,8.599027,0.5838155,-0.6976166,-33.44472,9.187405,0.0042702663,-1.2355005,8.442682,5.319504,0.57485414,0.2544968,8.386237,11.437335,0.16579145,-1.3949856,-14.742313,3.9556344,-0.39629734,0.14400244,11.044826,4.312921,0.50121325,0.030121565,1.8321698,6.022233,-0.089837216,-0.90416956,-17.049335,7.189204,-0.35352656,-1.1909943,-0.8723156,7.8698306,0.16707814,-0.63495564,-2.1901865,6.734079,0.11117251,-1.3683414,-3.4205918,3.8054674,0.16405025,-0.35407543,3.2358003,3.7299635,0.43985218,0.16227174,-8.945541,3.1610193,-0.93991095,0.8445592,345.4345,314.2958,159.36868,1292.1759,1132.8073,32.5471,0.09422076,0.08543357,0.09184824,0.066931754,22.058937,1325.197852691474,1073.3146836823087,AH_545622720-E1486AF6-8C95-47EB-829B-4D62698C987A.wav,parkinsons
0.44869465,0.08701361498786407,1151.253257251625,741.8242347088944,1865.3398532311894,-155.05148,35.266434,-0.31582093,-1.4976684,196.56128,14.184122,0.459771,1.035583,-99.412056,16.933132,0.5969234,-0.23443818,-17.391613,13.092852,-0.41103822,-1.1521331,2.5376737,12.913689,-0.43315813,-1.2604367,-53.629963,4.584464,0.7720248,0.78815794,12.744453,4.0051537,-0.11554685,0.091896296,16.63404,8.566769,0.23111498,-1.1940974,-28.825651,5.258536,1.136964,0.9674504,-1.3724768,9.08082,-0.35803866,-1.0576079,1.9717793,3.1229594,-0.2066665,0.6177933,-6.724532,4.01683,-0.25545397,0.026281595,11.13035,6.8394666,-0.39182723,-1.1633929,-2.7659566,3.3309076,0.22583681,-0.23824668,-8.715898,2.8116634,0.30773875,0.19397092,-3.2002726,4.827426,-0.19111177,-0.63820386,-22.276594,4.4535437,-0.08900815,-0.5462744,-10.313443,3.0373888,-0.41939142,0.4651463,9.503051,3.8622472,-0.6704992,0.84701633,-3.3291292,2.7866323,-0.6095996,0.2961688,945.3946,160.79141,629.60236,1078.3645,448.76215,63.306934,0.0669635,0.073396906,0.19733205,0.08838449,17.348186,855.3424748050307,506.31311189049995,AH_545622722-3C79DA68-36BB-43A2-B29C-61AEF480E07E.wav,parkinsons
0.3772031,0.0773121387283237,951.368686910326,618.7671681488307,1129.8085824602601,-193.50569,17.612417,0.84319466,0.5399246,201.64491,9.611777,0.5051585,0.882545,-57.186394,12.477805,-0.6323338,1.2370982,-17.83107,7.5945163,1.229591,1.4759192,-22.340736,8.804268,1.4014685,1.9404006,-57.70921,5.847535,1.2030833,1.3235512,12.841753,3.9505925,0.21117552,-0.05092621,17.084806,3.9831958,-0.77258533,1.4305234,-11.815501,5.2605867,-1.1586032,1.4434433,12.395975,3.6132953,-0.3394293,0.45600414,-7.427069,3.372459,0.20499463,0.337574,-23.503035,3.259283,0.028762637,0.6229465,2.3187275,3.8808413,-0.21272811,0.3721931,-6.294236,3.4542089,-0.2951683,0.10884905,-4.420524,3.1954727,-0.0152645735,-0.47528505,14.912101,3.3522694,0.27673405,-0.13482904,-4.192651,3.5764492,0.28119242,0.36190438,-9.99061,3.8884227,-0.12143254,-0.55817056,-0.53609014,4.6715903,-0.3807185,-0.05577302,-9.880759,3.5978003,-1.2876137,3.1046844,907.90265,75.68943,762.4046,973.233,210.82837,30.385197,0.03346746,0.03455196,0.11572642,0.079139635,20.634941,654.7184038765823,278.14988382651893,AH_545629296-C2C009C6-8C17-42EA-B6BE-362942FC4692.wav,parkinsons
0.22865903,0.061710506290584416,806.264333147991,568.8828747428805,1135.87646484375,-231.00743,35.828434,0.18633863,-0.47960782,225.61009,17.857025,0.41418138,0.38085508,-46.42343,14.288249,-0.8563123,0.65345454,-25.849457,11.23419,0.017919775,-0.92420506,-15.508617,8.77904,0.13218732,0.106990576,-39.73275,5.488498,0.20850483,0.4122939,11.547566,3.99149,0.44434404,0.0693059,5.195487,3.9706087,-0.42182243,0.8945999,-21.43206,4.8656554,0.12987164,-0.91847897,3.5093906,4.5914936,0.31167024,0.21177888,-6.8859468,3.238536,0.19256325,-0.044160128,-13.327399,3.827493,0.31050494,1.4325581,9.696104,4.909412,0.544191,0.2890582,-7.886633,2.7267866,0.11132982,-0.7894974,-17.232512,3.4151695,0.0095616,-0.41086054,-2.8623288,3.2898192,-0.08005895,0.5749445,-13.926851,2.9103703,-0.048720967,0.017041445,-8.754231,3.561578,-0.35927948,0.15136719,5.8564,3.6833158,0.14299801,0.20974207,-6.8964434,3.4432294,-0.00094446307,-0.18276763,633.6833,151.31879,312.50427,1120.8805,808.3762,51.083336,0.08061335,0.081419624,0.08734603,0.081043966,11.438979,713.8484528417674,351.92076958185584,AH_545643618-82A143AC-B643-4273-A923-C42A83AEEC5F.wav,parkinsons
0.23012458,0.06288655598958333,857.046942655928,627.6768753658342,1234.2338562011719,-207.09602,24.476637,1.2726009,2.0395045,212.99487,16.579554,1.6359029,2.9226122,-47.642822,8.966976,1.3244694,2.646027,-21.042967,5.605698,0.90741616,1.4882131,-13.806195,8.137473,-0.22469412,-0.24719524,-41.906796,8.660071,0.32207885,0.075187445,9.3023,4.621831,0.2399285,0.71960783,-4.1683936,6.61469,-0.24227075,-0.37463808,-37.4791,4.777081,1.2086372,4.202045,3.3740225,4.0022044,-0.09167316,0.2511618,10.545335,4.1517553,0.24247973,0.02308178,-3.9099782,5.7346334,-0.23111308,-0.36646986,8.89772,3.5445943,-0.25110084,-0.2481339,-7.268376,4.8799515,0.5098382,-0.10986948,-19.049135,3.5633495,0.11498548,-0.23452425,-4.5811977,4.4349484,1.0219417,2.214579,-8.771818,3.6406455,-0.19932795,0.4201784,-4.386933,4.265241,-1.4831891,4.044556,4.569589,3.510551,-0.5840143,0.40949655,-10.579658,4.0619884,0.17384642,0.18889117,637.2768,88.36817,203.29326,720.2456,516.95233,36.36407,0.057061657,0.051154613,0.10533517,0.0921527,10.8640785,714.4491342397837,374.07461925375776,AH_545648867-CB17D873-1CEA-492A-B5B0-93C7463F516C.wav,parkinsons
0.37580106,0.1018236320970696,1524.9368657588877,916.7720475191251,2675.599083533654,-148.11668,13.977706,2.8080246,17.11602,179.41257,7.673353,-2.1962638,24.865847,-132.88693,6.803691,2.014793,16.187971,-8.809912,4.335413,-0.41749108,1.0365057,18.618626,4.688954,-3.0923307,24.405699,-65.56281,6.0086727,0.24773574,1.3450112,-2.8449378,4.4509096,-0.85297704,3.8170757,3.2692375,5.0361214,0.57332575,-0.22072744,-36.84016,3.6205428,1.1941738,5.5716925,11.064791,3.9471235,-0.11165438,-0.34412098,7.540325,3.7952497,0.25809333,0.7796366,-25.160349,4.5825634,2.975151,17.713076,-3.7971559,3.4260857,-0.6650888,1.5548339,-11.115627,3.0012815,-0.6762149,2.5830069,-13.829341,3.0783303,0.08457746,0.15874648,10.602428,3.5278716,-0.5626588,0.36321998,-7.847801,4.3358064,0.39645824,-0.36258936,-15.02164,4.1099863,0.766098,2.2445345,1.1300986,3.5011797,-0.13536802,-0.12544942,-13.410441,3.3447375,-0.05988039,-0.38560772,861.0588,270.86267,585.57837,2574.4062,1988.8279,83.16258,0.09658177,0.09046614,0.14629488,0.06533179,17.50275,1640.301934228289,897.2943575909989,AH_545692309-EA8C4DC0-9B2A-4CC7-A490-851A2129A733.wav,parkinsons
0.18190825,0.07721251060520362,1229.2524125862117,766.409050658626,1947.3907884968892,-240.50703,32.336166,1.2438978,1.0448084,157.57176,17.256912,1.3165222,1.4320307,-83.979675,11.468389,-0.79855955,0.13590717,-28.985947,4.1595306,-0.5762535,0.34607482,-17.991776,3.5659447,-0.10240323,-0.25978827,-44.321278,4.8613286,-0.823243,1.0942659,26.684519,4.029666,-0.12178702,0.22525787,20.658089,2.925697,0.043644536,0.8324752,-25.41678,3.8272429,-0.008885178,-0.77860045,2.5328197,3.7812643,0.2511415,0.6145191,6.1519537,3.1001966,-0.67342734,1.5303936,-7.4090714,3.736924,-1.3979795,5.8377047,1.8369931,2.8428056,0.25757456,0.19861317,-11.922501,3.0547314,0.26741722,0.26453614,-11.338569,2.2034123,0.039542492,-0.29812455,3.6975043,2.7915244,0.38261834,-0.010229826,-3.172275,3.165483,-0.1772426,-0.14594269,9.609746,2.2097852,-0.07941321,0.54888415,13.215279,2.8098423,0.2307064,0.02187705,-13.862305,3.055821,0.39734435,0.48913455,817.1019,67.90093,778.3733,1107.9038,329.53052,15.484797,0.018950876,0.019775193,0.060996637,0.08534314,15.3894415,911.4513774671053,387.77599035519154,AH_545692315-C2972597-9AEC-4060-A186-F1F59340640C.wav,parkinsons
0.23919632,0.08866290656887756,1053.6427891620494,717.1693722218688,1580.712890625,-202.31134,41.15526,-3.4500496,12.007883,217.82925,33.503048,-1.9283092,3.5372782,-72.103264,26.44786,-1.708846,2.4340496,-20.741669,16.168,0.61956024,1.2712631,-1.4398192,13.885912,1.1675967,1.3543591,-33.8964,12.021135,-1.2646023,1.5387864,27.35307,12.258203,-1.9397377,2.8698697,12.883682,4.5052567,-0.52180165,-0.7507248,-33.23415,9.111277,1.3481042,1.3687253,1.5395125,9.299049,1.8882234,4.429066,0.061863914,5.6893497,-0.42635813,1.2186103,-18.133108,3.9979374,0.33270445,-0.34294605,6.169842,6.4011974,0.915996,1.2473564,-3.6332517,6.3914804,1.0260645,0.95475507,-20.302288,6.09941,0.5037119,-0.35528564,-5.0577583,6.40867,0.30359408,0.24750471,-3.373765,3.8820002,0.19436587,0.18618917,-2.4462702,4.104308,-0.19455983,-0.40356684,-0.9250746,3.8947778,-0.027686508,-0.3067875,-12.335727,4.1553864,1.1343254,1.8128715,563.3616,571.0159,146.13733,2068.492,1922.3546,164.50485,0.2920058,0.25297534,0.14337528,0.1123755,10.881474,1407.7619112454927,923.0976206025457,AH_545713221-1E77C030-4558-4A88-B1A2-6AB777ACAE61.wav,parkinsons
0.19021331,0.041295123922413794,766.2486936684427,700.0787425711753,1170.7379781788793,-241.60027,37.626568,0.48552895,0.4430704,205.05019,22.707811,0.4217667,-0.5129123,-29.043743,12.292714,-1.6426448,7.320258,-3.7896392,7.2023106,-0.8609799,1.5077319,-4.226351,5.86455,0.12606408,0.5241029,-33.70384,6.533996,-0.14840499,-0.36608076,18.612156,5.733893,0.72025144,0.35787153,14.695336,4.9167676,-0.16881971,-0.17507291,-14.566541,4.1497264,0.4909033,1.4369473,8.939601,5.6095715,-0.23399992,-0.15044475,0.10151538,3.8154633,0.39656368,-0.08195114,-13.785783,4.6156306,-0.41673604,0.68627095,0.7373077,4.7089877,-0.017551692,0.56886125,-15.212286,4.7109365,-0.3967297,0.7461498,-20.952469,5.872864,-0.43322742,-0.5828717,-0.90671617,4.661082,0.3109305,-0.1832931,-4.704189,2.829978,0.19105922,-0.5376804,-2.0530345,3.790874,-0.15168391,-0.3338015,6.615162,4.299768,0.15373443,-0.51240873,-7.184705,2.9020438,-0.21369031,-0.33946085,269.0454,193.32428,176.64575,882.7575,706.11176,23.363636,0.086839005,0.064987995,0.082128376,0.106891714,13.793746,683.5337046030405,342.0849998623033,AH_545713222-DA13DC3A-F24B-454E-984F-19DF19328D39.wav,parkinsons
0.15358695,0.08179408482142857,1134.5204904105362,804.9133702831405,1889.0771484375,-303.03793,91.88019,-0.3293181,-1.0261135,164.20125,50.602406,-0.519819,-1.0188994,-61.403893,35.92661,-0.10665313,-1.0457209,-20.165728,11.256822,0.3898014,-1.0289686,-6.866227,13.629526,-0.14707547,-1.261357,-29.680937,7.85468,-0.056653567,0.0039639473,20.81175,5.821195,0.18198988,-0.64081883,5.9381323,5.4666977,-0.24696587,1.558116,-24.616198,7.5737686,0.3545413,0.33842134,12.762111,6.318734,0.70656776,0.5558469,3.21941,5.032267,0.43106276,1.4796019,-21.212458,4.373974,0.5219667,0.29402113,3.7921684,4.9562654,0.35639045,-0.06829357,-3.0904953,3.7092292,-0.5617924,0.42787075,-18.88212,3.8951004,0.6118716,1.6922331,-0.0883155,3.3221812,0.7340554,0.58683443,-4.676328,4.0157285,-0.2320862,-0.04997158,-16.503332,4.894917,-0.3873479,-0.262964,-5.280077,3.3026648,-0.22744331,-0.19713569,-4.7997193,4.5533705,-0.107259125,-0.07526493,755.05426,270.4382,198.1233,1043.5424,845.41907,101.12138,0.13392599,0.12503321,0.09944056,0.15559927,6.9683495,1147.695357711227,844.463414587758,AH_545713223-E6D59EE5-4C3F-4B40-AE8F-0657EF94DB66.wav,parkinsons
0.20180148,0.06430121527777778,1002.6330712516396,771.6674654542273,1733.662109375,-210.52437,62.433872,-0.88674355,0.041428566,217.62126,29.74492,-1.0709198,-0.055990696,-66.08417,22.76324,0.6579052,-0.8864248,-8.854279,6.9992657,-0.0041425973,-0.8300712,7.305597,8.596835,-1.0118308,2.2096972,-49.90542,11.595027,0.41105294,-1.0629932,1.5298908,7.660477,-1.160272,2.1291451,6.9088764,7.1226864,-0.447558,-0.24424887,-37.68517,6.707938,-0.08614247,-0.8204117,-7.800185,7.060685,-0.12690862,-0.15427232,11.210893,4.9187903,0.17570323,-0.1929338,3.5662158,5.321234,-0.03258552,-0.8558662,17.203743,4.946551,-1.2349144,1.7441678,2.5740283,3.5802188,-0.15646458,-0.1859343,-16.691057,4.652418,0.88542336,-0.0198524,-8.80436,3.9018514,-0.4016046,-0.10068011,-14.247533,3.493831,0.02689343,-0.22943568,-11.113519,4.1696954,0.87369126,1.4746075,4.9809937,5.1353674,-0.49770725,0.109078646,-5.4257593,3.1150362,0.4198042,0.41407037,613.8504,92.43979,518.44794,1157.0366,638.5887,31.430658,0.051202472,0.0537441,0.10932592,0.09858296,12.334599,740.3953137258106,461.2807126977881,AH_545713224-1B3708B0-8792-4FEE-B03B-C7CB9CB03D58.wav,parkinsons
0.27809334,0.05213246855345912,872.3614478739079,766.8673594476287,1335.7357385023586,-172.13524,14.935429,0.1641736,2.052895,249.5275,9.166302,-2.85872,17.070475,-61.744953,11.668916,-0.6770292,2.3799706,-2.3132718,8.59639,-0.19160822,5.505495,0.80417264,8.093405,-0.1224461,4.1988316,-41.597153,6.8785496,0.05879774,3.165699,37.926304,7.0582147,-0.50060403,-0.3760879,23.224949,7.094292,-0.44596136,-0.2821989,-33.96764,4.9741535,0.36389682,-0.20341015,1.6636586,5.1635027,0.6719122,1.2342687,2.1411786,5.0367627,0.0048305565,0.60294175,-12.476065,5.020321,0.1394218,-0.43438244,8.805549,4.3340144,1.0303876,1.8049703,-6.472541,4.44978,0.6024271,2.0765314,-13.461534,3.260228,-0.14645287,0.3824172,0.031715106,3.7551236,-0.01190829,-0.7497058,-13.353833,3.8316946,1.0207285,3.779799,-5.41215,3.8943412,-0.4937552,2.0135756,3.3102047,3.8335953,0.42094356,-0.2251842,-15.480066,3.8584836,0.20165873,-0.6341138,330.47876,194.97786,248.88885,1171.1042,922.2154,42.514103,0.12864397,0.11972132,0.13202788,0.07963414,11.835981,768.0274757179054,422.23261965778937,AH_545743929-E2EAE1A3-7E46-4DCF-8DB7-37A5CA47DB9D.wav,parkinsons
0.23465401,0.0958934719279661,1158.8180852302687,660.1820546034546,1570.8289194915253,-214.71138,29.95595,0.75169045,0.10978413,189.41794,18.052277,1.2057004,2.2674298,-93.83265,13.60064,-0.46320227,0.96773505,-37.034676,8.6590185,0.8845192,0.43754148,-5.9452763,9.554333,1.1779819,0.7786219,-36.98097,7.327182,-0.071286984,3.0191789,18.895529,5.5114827,-0.35242304,0.4151318,10.840858,4.2821894,0.27229217,0.16002369,-30.383577,4.484957,0.283976,0.31946063,3.652164,7.1413236,0.8716545,1.004869,6.414193,5.044341,0.38180885,-0.10680318,-13.092018,4.0733256,0.7404375,1.9371495,3.7865505,3.9798787,-0.08987855,-0.34829903,-5.544082,4.5911455,0.10223583,0.32714963,-16.985601,3.8495362,0.40282455,0.72164583,2.5574071,4.3326325,-0.46164215,2.415555,3.743078,3.3446977,-0.7332596,1.1811943,-4.1206274,2.7515671,-0.2993489,-0.17513204,-6.368788,4.3068824,0.499184,0.3611591,-11.34197,3.7176034,0.15713921,-0.06355548,912.7818,145.30405,681.4323,1346.4629,665.0306,49.109142,0.053801622,0.048096057,0.12703148,0.111164965,13.070699,945.660620517418,547.7441898318567,AH_545753013-FCFF8F46-08FF-4C87-B443-D2039E5DA945.wav,parkinsons
0.19234899,0.06880724676724138,1056.6461957613776,702.9906755620398,1661.5465045797414,-215.84306,22.020527,1.0662627,3.379952,206.32707,17.765738,0.15145083,3.5444212,-85.10986,16.206102,-0.46454006,0.46185994,-23.246445,10.582801,0.22398968,0.14536977,15.565601,11.831166,1.3172864,0.7472887,-29.602411,5.7605567,0.026214471,-0.4802754,8.716226,7.1797023,-1.6318642,2.6516824,7.1845217,5.1818,0.48031008,1.5922003,-23.269054,5.403099,0.9668369,1.3644662,5.742286,5.16141,0.77408475,3.1061206,2.489601,4.9799104,0.80575407,0.9817176,-19.278357,6.007282,-0.026695237,-1.0537609,-3.9900095,5.0182276,1.4500237,4.6387315,-4.785338,5.4805164,0.53242606,0.1454072,-10.011182,3.2083495,-0.43923792,1.5427957,-3.8169062,5.13768,0.13200502,-0.43798208,-12.915516,4.80401,0.5925021,-0.26848078,-11.455753,4.181953,0.77899146,0.3537948,-5.1448884,4.498293,0.046175435,1.2019339,-9.926421,3.3258557,-0.07433369,-0.6155431,612.0757,480.566,192.11562,1873.0333,1680.9177,159.5354,0.26064652,0.24639112,0.09266235,0.09002037,11.555482,1091.8011710367489,658.0921334749543,AH_545753014-C68926CC-AB91-49AF-90A6-BB5C434283DB.wav,parkinsons
0.24125724,0.06937725360576923,1166.3036482259836,924.1357698387059,2145.038311298077,-187.15613,35.784653,0.08502594,-0.8489928,208.47113,19.021236,0.14897814,-0.83991003,-84.66711,12.674791,-0.8682359,0.8799143,1.6906428,15.764085,-0.23503442,-0.8423209,5.513372,10.940384,0.06425823,-1.0363787,-47.569057,5.630606,0.09648454,-0.5471153,18.53327,5.463527,0.065221496,0.32178926,1.5468901,6.6904664,-0.14548977,-0.43288493,-30.001232,7.801881,0.6451318,-0.2881949,16.271193,6.663249,0.10988284,-0.65200424,5.487716,5.927174,-0.29711264,-0.29078603,-4.9904785,4.298646,-0.2548071,0.20772982,10.289785,7.3016005,0.15479349,-0.14607859,-19.190073,4.0065613,0.08151885,-0.3031659,-11.379548,5.1029735,-0.13454287,-0.66213465,7.417771,4.5093145,-0.07370062,-0.5684202,-19.22586,7.739269,0.134731,-0.78048015,-2.5613031,6.288672,-0.020475531,-0.42247415,9.858185,3.354099,-0.042889994,0.13544321,-22.574087,3.5868926,0.3182975,-0.10264325,671.1713,174.52863,198.04236,1279.1228,1081.0804,44.97519,0.06701,0.05804546,0.17794256,0.13696946,15.649988,1004.5278695913462,684.6036988215528,AH_545753015-58CAA743-BA9A-47E0-B9EF-CC35E9EFB839.wav,parkinsons
0.24068235,0.08550023320895522,1128.1011964734319,654.2747399169166,1512.7878673041046,-225.49959,45.321472,-1.3125242,1.2924609,210.05939,34.682213,-1.3532115,0.921855,-88.29775,11.480547,0.09147895,0.025152206,-32.809826,17.8877,2.5179431,9.626335,-10.588242,11.987615,0.8995369,0.9915426,-41.277096,12.381584,1.161662,1.3006783,21.690357,10.463071,1.1295215,0.846843,10.737347,6.393329,0.49962905,0.53170705,-27.224844,6.2433205,-1.7435098,5.802725,4.7581577,6.790972,-0.41050607,3.3255825,-1.8426837,5.5239706,0.4593889,2.4616656,-8.561732,5.6682677,-1.3173617,2.484282,13.136639,3.7776446,-0.37819037,1.2454901,-14.365776,8.414494,1.4930557,1.5301023,-22.303885,6.4066534,1.3166014,1.276576,2.0569594,4.0003476,-0.088402264,-0.13752818,-12.446621,4.9214582,1.869251,3.1664248,-8.07291,3.8765478,0.32369274,-0.28399658,13.699398,4.6582665,-0.93788916,1.1781812,-2.7708561,3.81889,0.10701086,0.54461527,890.3106,419.0645,398.51285,3182.6934,2784.1804,43.37786,0.048722167,0.04400531,0.10049905,0.08782133,8.849822,1324.7109880118535,919.9172747137,AH_545789668-A4F6069C-5E1A-49F5-9EDC-59C6EB833E42.wav,parkinsons
0.24114919,0.07220280519005848,833.4351668980661,577.8119139058944,1134.3338815789473,-216.86554,36.033405,0.34387994,-0.5499337,209.95235,16.701323,0.34808135,-0.0033135414,-34.499104,20.188574,-0.4854723,-0.6313579,-22.862656,9.975353,0.7896861,2.5601501,-19.459852,10.987936,0.20649563,-0.17872834,-37.404335,6.2424016,0.52684975,1.1676941,19.173275,4.903373,-0.5942779,1.5560346,14.757364,5.671228,-1.9413531,8.048224,-18.927294,6.034938,-0.26861492,-0.6409912,-0.0013482277,5.2007723,-1.1440136,4.7632847,-7.6089997,4.514389,0.60080737,1.1428123,-17.10841,5.1602707,0.72623444,0.18811274,3.4312952,5.2517595,0.6412636,0.3892281,-9.113164,4.8248053,0.17873652,-0.59762096,-19.999895,3.7348914,0.19735909,-0.02908206,-4.838063,3.9785364,-0.17257477,0.60554814,-7.2824793,3.9074938,0.71611714,1.2955451,-3.960215,3.105413,-0.36072576,0.790395,5.257166,3.522683,0.3128221,1.0201998,-6.3973126,3.6107106,0.66251725,1.5372229,753.7274,229.23491,172.63718,1111.5778,938.94055,62.833294,0.08336342,0.07462471,0.12928928,0.11429789,9.405596,706.5897088301809,349.8704273698836,AH_545789670-C297FD53-BF71-4183-86A0-58E5E1EB0DF8.wav,parkinsons
0.34283316,0.0810956506921141,986.0073893606689,597.6244190979002,1348.9323353607383,-204.6258,29.64447,0.49137276,0.16705155,190.65984,16.345312,0.36674213,0.9780321,-67.47426,11.187078,-0.47465456,0.4808011,-31.312946,6.73753,0.120734975,0.8068795,-15.809757,5.9513555,0.41874292,1.1109118,-39.20965,5.7498856,-0.08717265,0.6136668,18.03221,4.2298474,0.4371778,0.3655305,12.2363615,4.6748037,0.5437878,0.025410175,-18.968338,4.3240232,-0.6361,1.0229998,11.726674,6.610086,-0.11692189,-0.26268578,5.544016,3.9234674,0.1914671,1.6397367,-16.076775,2.9305792,0.2686956,0.0648849,-5.4248343,6.200758,0.5826339,0.04558325,-13.39932,4.219354,0.21181308,-0.2421565,-10.669611,3.755551,0.31787828,0.6840093,5.943246,5.0270576,-0.009524357,0.92260647,-6.6714873,3.902441,-0.17127699,0.65955687,-10.283877,3.7109725,0.40295282,0.20635557,-6.4092855,4.252598,0.3151927,-0.2100935,-15.465948,3.1713946,0.25140098,-0.12683105,898.9486,28.09692,702.3338,955.5752,253.2414,9.153224,0.010182144,0.008127155,0.13323891,0.100172736,19.252628,785.1390697337963,410.7048996494186,AH_545789671-794D2256-DDFF-4009-8BA8-8A306C8FA14F.wav,parkinsons
0.35851446,0.04067288912259615,862.2820686694146,823.9876208525501,1513.6392446664663,-185.18318,19.90789,-0.2691367,0.16298842,197.3069,13.890841,-0.25557742,0.9467366,-50.98861,8.608199,0.32900295,1.8244529,5.9213376,7.158526,0.0004160218,-0.38957572,10.9064045,7.097649,-0.2278278,-0.36216807,-37.337967,7.408653,-0.12512037,1.3935494,11.631684,6.2486176,-0.5029077,-0.3393898,-2.0125659,5.007473,0.076735,-0.30686617,-36.674503,4.0921755,0.6870655,1.3873787,8.1287365,4.024455,-0.05137148,-0.15600276,3.3321195,4.7764325,-1.0794708,1.9885798,-30.04602,4.195274,-0.084145635,-0.018026829,-12.411253,5.145465,0.99240756,0.556685,-13.191901,4.644395,0.33799723,-0.31723928,-17.512693,3.195142,0.09452051,0.61236,4.0438895,3.536778,0.19864489,-0.58581114,-1.8999735,3.717032,0.020179335,0.1731813,-13.319418,3.25932,0.087903604,-0.18558884,-7.179876,3.6837816,-0.23927863,-0.09810734,-9.5887165,3.2828708,-0.15487681,-0.46889448,296.66953,97.37355,268.69016,871.77673,603.08655,12.96284,0.043694545,0.04971896,0.08862638,0.06595862,21.614109,738.240382982337,430.0569099531089,AH_545789674-53885025-35F1-48C1-9826-BAAEB8BEAF58.wav,parkinsons
0.1343746,0.07591236888111888,1090.0278732439742,793.078691638252,1902.7521306818182,-270.77203,63.856865,-1.0078542,0.94874334,202.62738,33.470837,-1.1469668,0.9752705,-76.38675,20.321693,0.5064298,0.13622141,-11.9893465,9.131551,0.5752852,-0.46262002,-3.696377,6.3672442,-0.058542937,-0.89547276,-54.487164,14.472198,0.12492156,-0.09208655,18.99507,4.913239,-0.21024238,-0.20967865,27.451754,5.369887,-1.0926323,7.243187,-24.947498,6.7693834,0.64728343,-0.06882548,-5.4353957,5.467573,0.4673038,1.0387764,-0.48660797,3.6306934,-0.50583595,-0.47559977,-11.735177,8.2878275,-0.40402052,-0.6041925,-0.2748665,3.778855,-0.014443349,-0.19754767,-15.846497,6.040214,0.58721006,-0.51347256,-15.799753,5.2320743,0.5998415,0.11603999,3.319353,3.9011447,-0.65556896,-0.13908362,-14.530714,3.5997953,0.17373885,-0.44388962,-12.404101,6.386718,0.95777833,0.4082179,10.96681,2.3575659,-0.1706113,1.1442103,-3.47355,5.810352,-0.69870573,0.120547056,778.17957,213.11607,290.6527,1218.1262,927.4735,55.864887,0.0717892,0.061625227,0.055791363,0.0823444,12.462866,1040.0801089098074,720.9865596342713,AH_545789675-243F18DB-4432-4C87-B12C-6EEC2D2D30D6.wav,parkinsons
0.21926837,0.08416836503623189,1023.2863987407194,618.6024640204029,1364.705757472826,-243.53473,45.245274,1.2842754,1.0229669,193.98701,25.232588,1.2096679,0.63236547,-74.20935,16.310719,-2.4757252,7.2614956,-30.886786,3.9156022,-0.2446257,0.1177516,-9.314832,5.5352497,1.5110737,3.281291,-31.485083,6.745351,-0.9522346,1.5881238,26.44765,5.150411,-0.009323259,0.095363855,9.941577,5.206471,0.25809407,-0.14046669,-35.673985,6.4826293,-0.39992142,0.38295412,-2.6120827,5.0440707,0.3052174,0.06075096,2.6303544,4.2761292,-0.82790774,0.9971752,-12.8794,6.1177096,-1.1608069,1.8097715,1.3574378,3.341035,0.1761532,-0.49441314,-9.309748,3.9769378,0.7324629,2.9938192,-16.960384,3.9420357,1.3133409,4.22643,-1.4041961,4.2021017,0.36243004,-0.212816,-5.5197015,3.5134988,-0.729374,0.7127228,-8.126908,2.9554868,-0.47049263,-0.27730513,-6.749474,4.315999,0.21179868,-0.86958075,-13.117442,2.6341863,0.14830986,0.26673913,1024.9448,270.6956,191.61798,1393.2079,1201.5898,81.111626,0.079137556,0.058727518,0.1365155,0.13228485,7.3245792,930.0506979497504,519.0541609213789,AH_545789677-D381D801-B073-4945-BE0D-E250126EA6B1.wav,parkinsons
0.288154,0.10721929022606383,1267.9392650702162,912.7584932954055,2290.5372132646276,-187.73755,16.833298,2.7975533,12.783402,198.30522,11.053015,0.2841692,11.312477,-89.21762,12.154942,2.430318,9.072121,-17.062965,10.49576,-0.6222357,-0.0253129,-12.568444,9.213961,-0.31801018,-0.8787112,-40.786568,6.906281,3.0377364,12.550071,31.271656,4.5674133,-0.2786901,2.162198,-3.8615146,5.988391,0.12180283,-1.0423208,-34.418068,5.9324512,1.9335909,8.574626,25.463015,6.5336685,-0.77953553,0.21540117,0.11064819,2.9625452,0.067999564,-0.74598813,-20.87777,5.227045,0.54078764,-0.2592957,12.263066,5.970798,-0.87463963,0.7502217,-20.258415,4.608845,0.104065865,0.5081315,-22.283073,6.15019,1.2204094,2.2293248,19.789248,2.8900478,-0.060209088,-0.027815819,-5.8044934,3.7215743,0.49876666,0.20466328,-16.218887,4.668043,0.43357515,-0.7240937,3.1843512,3.9151797,-1.8185419,6.210408,-15.819404,4.7247,-0.5130733,-0.40178347,799.75464,149.8197,214.95049,1356.9958,1142.0454,52.92129,0.06617191,0.054162547,0.10144575,0.06757305,18.305727,1197.2150362454927,915.5156124508469,AH_545789680-7FF9D4F1-DDCC-4CB6-8668-76530D670FA5.wav,parkinsons
0.26741335,0.0429870035046729,809.135049062975,653.8913482673325,1290.1809834988317,-210.45966,21.697044,2.2299917,10.941799,216.43666,11.986827,-2.367962,10.66307,-54.91386,8.456265,3.1193902,16.9866,-20.39762,7.264122,0.07007332,-0.5913334,3.0677662,6.494014,-1.9392947,9.005817,-20.309078,5.2046633,1.1415108,2.8007503,21.449919,3.695335,-0.50089276,0.24463844,3.6276462,3.5563486,-0.13796908,-0.10105491,-27.075718,4.7883,1.1735351,2.5522127,3.838043,3.2172577,-0.015006946,0.6086917,-5.13437,2.910278,-0.5168241,-0.04325223,-19.655972,4.1932893,0.881655,1.4622726,1.2341675,3.6508293,-0.35327932,-0.36908722,-12.217625,2.9977422,-0.23700996,-0.050762177,-19.146582,3.9071808,0.8649457,3.446217,2.5162456,3.6003559,0.21788965,-0.102109194,-4.199014,3.6157622,0.2282784,-0.44929504,-10.401921,3.205021,0.22757153,-0.49166417,-5.3870645,2.7407541,0.49276406,-0.41142845,-13.605665,3.4993916,-0.30054966,-0.32468748,230.34973,187.94565,172.42908,901.055,728.6259,20.791647,0.09026121,0.08550892,0.07317843,0.05999887,24.950731,793.49853515625,405.60207930980056,AH_545789682-7554E0C7-4E25-49C3-9E6C-04D525455E28.wav,parkinsons
0.14091353,0.04705023682491289,832.292515025731,787.0453532703494,1405.7730325838415,-240.94308,45.90219,-0.37052244,1.7420173,191.36223,25.560585,-0.11875705,1.6031771,-30.88056,14.872685,0.4513881,1.2484488,3.1237946,7.306024,1.2781613,2.9443016,6.650936,6.013452,0.80518466,1.6728611,-33.785725,10.175238,-0.750641,2.2894125,10.74435,6.2410254,-0.9565421,0.83369637,15.092242,5.590916,0.3494043,0.0010097027,-17.269024,4.5669127,0.07880169,0.71837306,-4.5040193,4.6946454,-0.11036154,0.47778082,-1.7947049,3.961233,0.3941375,-0.04509926,-3.609814,3.6459036,-0.1568052,0.7884009,3.4361672,4.0561047,-0.5885397,0.70983696,-12.8391905,3.193806,-0.114459515,0.1744442,-13.9000845,3.6717227,-0.3149675,0.43947506,-5.0840306,3.6179194,0.13227555,0.104622364,-15.023859,3.4262288,0.014605217,0.25136113,-1.3607018,2.9608095,-0.20118588,0.23579907,12.406903,3.3443837,-0.19193451,0.6135678,-5.008979,2.830461,-0.012420843,-0.23932981,203.30832,96.498375,176.22609,771.0018,594.7757,6.8761525,0.033821303,0.035593055,0.04587152,0.0728758,11.651612,655.0370203891647,345.2408526874995,AH_545789690-DA26461A-AF40-4A43-9662-3A93EE872359.wav,parkinsons
0.28416815,0.08119921875,1160.2415300654993,731.5450976955102,1739.1076171875,-198.48117,10.672681,0.7222635,0.80749774,203.12526,9.005395,0.18972807,0.2842915,-108.55146,9.056317,1.720344,9.969578,-24.524525,6.4908566,-0.57557523,-0.57920694,3.9804952,3.9805465,-0.2845277,1.3195043,-44.70799,7.529877,1.8872519,5.7754354,18.248104,5.0101504,0.29380128,-0.73417926,9.715641,3.1021032,0.008876127,-0.3740101,-28.848911,6.1867085,0.62221664,2.1284513,14.628013,3.880826,-0.6222727,0.025989532,1.9863216,3.8291087,-0.15368909,-0.5426755,-26.076994,5.020696,0.76306546,1.7047038,5.825408,4.6488967,-0.043644905,-0.5769117,-2.417838,5.2105975,-0.14188641,-1.0132364,-19.69437,4.026228,0.8397988,1.0967965,-0.028313663,4.7576704,0.1162494,-0.7891872,-4.2767224,2.4324543,-0.22121823,-0.029004812,-6.2929344,2.7067294,-0.5746781,1.4556818,5.081579,5.176118,-0.204919,-0.7999954,-6.8534617,2.860928,0.000358021,-0.27737808,809.3124,51.527386,786.6578,1023.8886,237.23083,7.142901,0.008825889,0.009245321,0.07949806,0.05765255,24.35732,1002.5096862296748,550.8762994437853,AH_545806325-8A17002B-CFD3-4DCF-8854-04F0F2BFF21B.wav,parkinsons
0.23789254,0.03940902217741935,809.3320821570605,871.3356543391037,1653.0206495715727,-236.18358,54.798794,-1.3030635,1.7823873,174.19608,34.589912,-0.7118174,0.49774098,-26.483118,19.559166,0.36067596,-0.77273726,32.181835,12.319953,0.20781139,-0.5289812,24.495878,11.698179,-0.38121796,-0.053534746,-32.716312,11.197976,0.4708157,0.07340717,8.57729,9.950648,0.35472795,0.08449316,-2.1396358,5.6536503,-0.39089495,-0.527298,-38.13912,8.913798,0.92430043,2.3653712,-3.064616,5.9895177,-0.36167464,-0.012859106,2.0360703,4.8167634,0.3301623,0.055223227,-10.485113,5.200581,0.44823498,-0.034264565,8.471806,4.4278708,-0.5466399,0.10285187,-1.8587629,4.4869876,-0.4809217,0.9160435,-10.950413,5.0011864,0.026833842,-0.19302511,5.3670955,4.1609306,-0.38933787,0.72129536,-0.9357758,4.173979,-0.14667629,0.77276945,-2.0823877,4.3251195,-0.25088996,-0.11440563,4.4786944,3.4066465,-0.16269964,0.0977335,-11.944856,4.1364923,0.2404161,0.025021076,380.88403,125.219826,198.75308,1266.7732,1068.0201,17.561007,0.046105914,0.04447982,0.11293337,0.13277513,14.426802,620.8299144553073,672.8129212413625,AH_545806326-BD0FE665-1AD5-4F55-8342-0FAB8B15680B.wav,parkinsons
0.13554834,0.08071179336376405,1174.690327839091,826.3675757053902,2029.0205023261938,-264.92227,77.94169,-0.98290837,0.07723737,184.18283,42.993156,-0.87767035,-0.24834299,-73.8695,25.738703,1.1902438,0.65956163,-18.824127,6.4963865,-0.35579574,0.6467736,-10.241432,6.808691,0.2388997,-0.33742952,-43.82712,10.392342,0.685079,-0.13232756,31.124134,6.7870984,0.31987986,-0.5987184,28.275593,4.3908496,-0.09029663,-0.2571242,-22.810116,10.910738,-0.1937543,-1.1526783,5.6993203,4.975001,-0.27472362,-0.44851518,5.160001,9.424819,0.0643764,-0.97865033,-15.13191,5.234402,0.47804993,-0.6233189,10.44254,4.466889,-0.23387703,-0.80324864,7.8660264,3.7712538,-0.09953047,-0.32082105,-9.827149,5.02055,-0.2551679,-0.6874845,-0.52668625,4.1319604,0.378716,-0.44792676,-1.4878426,4.2602334,0.24886309,-0.63130355,-1.8170713,3.6300526,-0.04950217,-0.7829585,3.9121869,2.9261255,0.1647561,-0.08651924,-2.285905,3.7706487,0.121973895,-0.4968896,1017.7263,79.30789,743.2669,1175.7124,432.4455,33.028343,0.03245307,0.025513027,0.070327945,0.10681138,10.454123,953.9034861438679,652.6817622582339,AH_545812844-DFBCDA22-CADB-444A-9623-16A39D45E9E7.wav,parkinsons
0.20585817,0.06858451066616766,1073.5418961735181,792.1313715173645,2029.0208645209582,-213.3286,52.31854,-0.94296074,0.30481124,204.14975,27.431883,-1.0206553,0.37076783,-62.848194,17.18669,0.49545392,-0.08747792,-10.482685,6.480178,-0.2595529,0.6277602,-15.190857,6.462441,0.5782474,0.67556167,-72.020584,8.79072,-0.20512734,0.9017508,4.795832,9.477343,-0.070971504,-0.71525455,25.49234,5.7965536,-0.0035893093,-0.3033688,-21.934061,6.9357123,0.25512546,0.047037125,0.15302409,8.105405,0.5406524,-0.6139736,11.475506,5.073012,-0.22489078,-0.55762243,-5.290358,6.88325,0.44813034,-0.13574386,2.1198986,5.4626455,-0.16155064,-0.51217127,-6.5187345,4.6986575,-0.19311145,-0.19002676,-17.894054,6.9928155,0.41515028,-0.5383918,-12.600278,5.17126,0.8413327,1.204483,-13.965025,5.089085,-0.6976322,0.5240073,-2.563015,3.4017832,-0.059567314,-0.6291609,7.34601,5.8084707,0.30804878,0.023159742,-3.3857298,3.7116604,0.21044625,-0.28466582,705.3122,17.7723,665.8003,784.9713,119.17102,8.406662,0.011919065,0.009127537,0.13197961,0.12516727,9.369541,799.2064903846153,507.842086661876,AH_545812846-0C14B32A-6C50-4B62-BC89-0A815C2DEEFA.wav,parkinsons
0.3219872,0.0810114220727848,1193.72483090024,791.7613236922545,1855.535193334652,-192.88718,15.949592,3.0489485,13.903269,181.85374,9.616837,0.22877827,0.53432393,-102.44631,7.417558,4.214885,24.089224,-25.022223,9.513083,-1.3572028,3.6460404,-6.1762214,6.9926405,-1.8516053,5.312766,-46.28145,8.221628,1.3247302,3.0386872,14.463052,4.8594956,0.15409757,-0.94554996,2.6192946,2.9012082,0.9994465,2.2875648,-27.974792,4.9632826,0.5048219,0.3347051,7.1311955,6.005747,-1.1103723,0.3052597,-9.781299,3.6720874,0.55221194,2.6672602,-14.73504,4.7497253,-0.034285914,-0.73717856,15.758096,3.520464,-1.2120361,2.4042807,-13.684015,3.3375556,0.63470507,1.9644604,-17.324902,4.471292,0.5127704,1.1304388,14.277633,3.880764,-0.8062106,-0.01072073,-6.0011973,3.8055196,0.42959613,-0.062747,-6.8866963,3.4305117,0.629095,0.37856245,11.786945,5.754895,-0.94577634,1.5403504,-9.170949,4.8140554,-0.28535807,-0.51124597,901.8556,108.618706,771.2522,1244.7927,473.54053,18.267075,0.020254988,0.017601835,0.09432003,0.065751836,19.103878,971.9381332397461,521.678224151721,AH_545834603-857E007F-1CCF-4249-8160-3A0F3F5AB58D.wav,parkinsons
0.36436054,0.0578564453125,875.6698835905914,676.9537858487075,1386.845947265625,-215.17542,59.45607,-1.450069,1.5962319,199.01157,39.97456,-1.2185953,0.701185,-52.564808,12.754667,0.4092793,2.6636567,-10.003205,12.685342,-0.97499114,0.8926482,4.7775097,5.8952217,-0.39310193,-0.24669409,-29.40668,14.440652,1.3134418,0.6175628,10.542772,9.005278,0.94268566,0.18624711,-8.523506,8.303965,0.0101550035,0.57007027,-36.609207,7.1851773,0.88876677,2.1840596,7.3772087,6.4310026,-0.7389419,0.21078897,5.629996,5.71096,-1.1729938,2.2633634,-17.87743,5.3150144,-0.051384136,0.33923078,-3.6757095,3.9121966,-0.5318978,0.9672091,-10.889044,4.8690176,0.58654815,-0.35375786,-13.771642,5.3607454,1.3677285,2.1510215,1.3761723,5.0674157,0.36845085,-0.082295895,-10.090056,6.800232,0.5605306,-0.6258838,-10.834481,3.5018096,-0.09708326,-0.29038954,1.9650061,4.50302,-0.5128947,-0.043111563,-6.467569,3.847262,-0.25639528,0.8674753,658.0379,337.6572,212.22722,1399.8517,1187.6245,98.60209,0.14984256,0.14080329,0.11679931,0.08527017,18.72288,853.0439034224196,472.1386419610651,AH_545841221-6FC57E6E-65B6-4859-A15A-55856D7E75C0.wav,parkinsons
0.14632472,0.07098043189858491,909.7098667520406,628.5579748943379,1285.9994564416274,-263.79263,56.443058,-0.23755756,0.0141842365,190.17805,29.585285,-0.6877172,-0.03641796,-36.68738,28.117384,-1.0556456,0.10075855,-25.990301,8.552464,-0.6134838,0.8025098,-14.543603,10.668297,0.8635081,1.0446038,-30.679243,8.4721155,0.033288635,0.8030708,11.951151,9.270687,1.2346323,1.1899347,3.8820333,6.1129675,0.49256802,0.039863586,-27.624746,7.047995,-0.22804846,0.3923056,-4.310465,6.771799,0.38636488,-0.11850357,5.765961,4.7040606,-0.77311444,1.5084124,3.5238826,5.605709,-0.11930521,-0.3904543,9.716596,4.876854,-0.03774138,-0.6746707,-10.867947,3.7078648,-0.09842917,-0.7502856,-19.37268,4.3218255,0.04555962,-0.88239884,-5.5107403,3.823029,0.15983535,0.15484953,-9.768751,4.2733555,-0.13881926,-0.49497914,-6.049857,4.57368,-0.22537042,0.5169251,2.2982764,3.731433,0.1601939,-0.6002624,-10.025234,3.4083598,-0.45163906,-0.44629097,757.1872,193.88841,527.7623,1341.1655,813.4032,39.283077,0.05188027,0.042620365,0.09388807,0.1480861,7.276491,780.0119500411184,380.0485852717175,AH_545841222-DE5AEF27-7F4E-45A4-BF7D-9E87E7A786AE.wav,parkinsons
0.099947646,0.09353758386299435,1262.651727444465,943.1055568798461,2469.5055945444915,-291.00092,69.16679,-0.33816573,0.296098,168.25926,34.724754,-0.72966117,-0.4247017,-63.997673,23.269415,0.27364984,-1.122917,-14.565194,8.166741,0.24245153,-1.1428401,-9.6973095,8.349814,-0.6621739,0.34944916,-30.913162,8.629072,0.42159504,-0.36216998,30.623129,7.580291,-0.5056324,-0.07757926,2.608396,4.37068,-0.45744246,0.36916876,-37.540962,6.8244095,0.23570623,-0.46649623,9.953404,5.759583,-0.056344368,-0.47651052,3.3278644,5.381021,0.37345153,0.045078754,-18.424402,6.0561,-0.1452207,1.0170431,11.504494,5.936039,-0.5438722,0.029810905,-1.2190125,4.7350044,0.70874304,0.036139965,-17.60244,3.9935064,0.56830144,1.2940445,5.048401,6.8291535,0.08836177,-1.0107442,-4.138223,5.14975,0.26889935,0.28203416,-14.948969,4.4438343,-0.3631721,0.21519637,-0.83907425,3.6154993,-0.27931577,-0.43964648,-5.2595387,4.4385686,0.1501754,-0.6546321,863.3247,218.89087,204.75737,1386.774,1182.0167,45.48982,0.052691437,0.058703136,0.03791767,0.0858557,12.679087,1330.1243265884182,981.160388376116,AH_545841223-24FB0419-5BAE-4F9C-8EBC-CD62DA6590D2.wav,parkinsons
0.122847684,0.07531306521302251,1049.1611533279054,770.9721435788495,1509.401376607717,-289.39185,56.4604,0.105299465,0.22435355,154.2084,29.87519,0.21171181,0.3596797,-37.83284,17.665543,-0.09489309,0.58328223,-15.128309,7.95496,1.2499937,2.5891194,-21.164087,6.377533,0.41792864,0.9837198,-43.030582,11.230117,-0.42035934,0.27635336,18.717266,6.426162,1.0316283,1.9320421,17.194056,6.7197547,0.21552244,0.13024282,-24.741644,7.181344,-0.2539249,0.45607328,-2.7010095,6.2514086,0.8381265,1.6154981,6.2572584,3.5383239,-0.14854501,0.17326212,-4.5771313,5.43912,-0.105635315,0.50588036,6.4121118,5.5291443,1.4087677,4.221026,-4.243015,3.6945252,0.11763068,-0.11885381,-19.935081,3.8122435,-0.12369418,-0.15301085,-13.24448,4.721625,0.82322305,0.6889658,-10.104647,4.524569,0.038288616,-0.5080719,-1.1008658,3.3026638,-0.058985088,-0.30788875,6.788429,3.55733,0.30355164,0.56118274,-2.1604075,4.0058556,-0.7001657,1.0297799,708.67334,108.98445,656.5174,1218.543,562.0256,22.659233,0.03197416,0.030084426,0.053066686,0.12193595,13.834344,760.2165059840426,502.8834172395432,AH_545841226-C699FC9E-1E0C-474D-A12A-936DD92B8980.wav,parkinsons
0.29274237,0.14793442234848486,1511.4096373733325,714.5248200117595,2002.4247602982955,-214.56636,16.69877,-0.14707178,1.7536664,170.99867,6.5771203,1.2297666,2.8906374,-129.11894,14.07485,2.7267547,10.046077,-11.985054,5.2855945,0.47078806,0.05207658,37.213078,5.81462,-0.36733615,-0.43225336,-30.25771,4.6718345,1.0078398,1.9473186,4.4246063,3.2488852,-0.26691002,0.5218141,2.3952532,5.4139147,-0.33026645,1.5073481,-12.800766,2.8080742,0.014146678,-0.4350443,20.276068,4.592433,-1.19378,1.3257766,-17.045366,2.847706,-0.13233921,-0.37735343,-35.685387,3.6742477,0.92953813,0.06723714,17.97952,4.753691,-2.2371929,7.3247604,9.081609,4.3070793,-0.5722954,-0.05553317,-17.846066,2.8081121,0.041264035,0.41237545,-3.8080375,3.8936388,-0.4463748,0.93194413,-10.647995,3.412978,0.26791424,-0.6688702,-10.587043,3.0226114,0.95625603,3.6498132,2.5732095,2.679536,0.3403657,0.063562155,-7.2458267,3.2567582,-0.16531949,-0.67511487,1556.116,457.95782,269.5539,1969.7689,1700.2151,132.6634,0.0852529,0.06752951,0.09862359,0.071732126,16.934357,1239.390173381506,638.1579658052234,AH_545841227-5C77713A-66F1-49D0-BC8A-702C152E668D.wav,parkinsons
0.19105962,0.05201336156542056,840.4853605150087,731.5728115152762,1330.8324510806074,-221.31187,31.187593,0.5033557,0.8018799,223.48209,16.007547,0.5314351,0.85556054,-51.670345,15.286952,-0.4967483,-0.13437366,-1.8505985,8.140858,1.3521897,2.9007182,6.872436,6.0400157,0.6737819,-0.10349345,-40.78644,10.159241,-0.37086168,-0.52376485,10.706108,4.970101,-0.23311178,-0.48482823,5.7962623,7.2349644,0.47115457,-0.8623786,-33.07336,5.653008,0.8031285,1.0975385,-6.44748,5.9427876,0.5425578,-0.23942828,-1.0348932,5.7533784,0.7025234,0.747473,-2.2297604,5.0488777,-0.4536906,0.47864223,11.971602,3.8857942,-0.045846637,-0.02502656,-12.457677,4.1565495,-0.0505181,-0.6798048,-21.538816,4.555998,0.25611585,1.2200055,-9.782488,2.8907895,0.4604244,0.7179606,-22.13914,4.0345984,0.42774728,-0.12329841,-7.133486,3.0280344,0.3693386,0.17307854,13.252592,3.4626212,-0.28925055,-0.20420289,-7.658218,3.7063062,-0.22967535,0.08958745,285.8675,123.82633,240.36316,746.4159,506.05273,13.956987,0.048823275,0.04478184,0.08799855,0.091264,13.240728,655.0898865191606,407.0628144845208,AH_545847410-D1BA3BB4-1F61-44CA-ACDE-455A8E97E04B.wav,parkinsons
0.2149518,0.08777608989197531,1208.4616564984146,800.0301065916158,2003.9171006944443,-169.3025,12.001488,1.2907794,5.7984114,238.86494,8.272333,1.125315,4.2220073,-109.872444,5.996605,0.41346687,2.1923351,-25.479156,5.8149242,1.1161888,3.829846,-2.8510334,4.868997,0.8628721,2.8837333,-55.74184,4.7216234,0.33774647,2.7808833,24.133455,4.410444,-0.017549021,-0.120002985,13.707381,5.260348,0.22911313,-0.29530096,-40.729332,4.046079,1.0145859,3.4274178,9.217452,3.373277,0.5432782,0.5066118,9.718394,2.8644836,0.08618268,-0.2970116,-17.869576,3.1246696,0.34844252,1.570775,5.330485,3.9654331,-0.7551957,0.77076316,-13.925142,3.771256,-0.3894486,-0.1942172,-27.977,2.9609575,0.08796482,1.1870637,2.3318067,2.8450243,0.03065084,0.6537926,-4.445141,2.3572474,0.17190796,0.07770872,-7.251775,3.292068,-0.17945069,-0.5411556,9.496109,3.4437504,-0.6221818,1.4361672,-8.280886,2.6694832,0.052297544,0.15671444,790.8876,93.94601,188.72588,1239.0364,1050.3105,27.988434,0.035388637,0.026438762,0.11493961,0.072394274,10.311459,958.4858800908826,599.6129067911702,AH_545880204-EE87D3E2-0D4C-4EAA-ACD7-C3F177AFF62F.wav,parkinsons
